Datum;Pegel [m];Abfluss [l/min]
01.01.2014;0.20;2325.604
02.01.2014;0.20;2260.333
03.01.2014;0.20;2313.583
04.01.2014;0.20;2296.5
05.01.2014;0.20;2357.333
06.01.2014;0.20;2313.948
07.01.2014;0.21;2340
08.01.2014;0.20;2357.083
09.01.2014;0.20;2339.667
10.01.2014;0.20;2340.167
11.01.2014;0.20;2299.167
12.01.2014;0.20;2316.583
13.01.2014;0.21;2295
14.01.2014;0.20;2328.5
15.01.2014;0.20;2308.5
16.01.2014;0.20;2290.438
17.01.2014;0.20;2343.104
18.01.2014;0.20;2335.75
19.01.2014;0.20;2349
20.01.2014;0.20;2329.333
21.01.2014;0.20;2256.583
22.01.2014;0.20;2266.604
23.01.2014;0.20;2281.563
24.01.2014;0.20;2245.5
25.01.2014;0.20;2225.417
26.01.2014;0.20;2259.521
27.01.2014;0.20;2245.688
28.01.2014;0.20;2203.583
29.01.2014;0.20;2207.472
30.01.2014;0.20;2226.622
31.01.2014;0.20;2179.531
01.02.2014;0.20;2172.354
02.02.2014;0.20;2190.75
03.02.2014;0.20;2185.792
04.02.2014;0.20;2124.583
05.02.2014;0.20;2152.094
06.02.2014;0.20;2150.146
07.02.2014;0.20;2147.813
08.02.2014;0.20;2129.646
09.02.2014;0.20;2110.396
10.02.2014;0.20;2161.813
11.02.2014;0.20;2106.135
12.02.2014;0.20;2101.74
13.02.2014;0.20;2071.708
14.02.2014;0.20;2126.083
15.02.2014;0.20;2114.521
16.02.2014;0.20;2172.354
17.02.2014;0.20;2207.552
18.02.2014;0.20;2220.813
19.02.2014;0.20;2240.646
20.02.2014;0.20;2181.229
21.02.2014;0.20;2190.823
22.02.2014;0.20;2190.854
23.02.2014;0.20;2277.719
24.02.2014;0.20;2201.771
25.02.2014;0.20;2200.563
26.02.2014;0.20;2229.979
27.02.2014;0.20;2200.542
28.02.2014;0.20;2217.563
01.03.2014;0.20;2229.854
02.03.2014;0.20;2216.854
03.03.2014;0.20;2176.667
04.03.2014;0.20;2174.281
05.03.2014;0.20;2152.677
06.03.2014;0.20;2161.417
07.03.2014;0.20;2111.688
08.03.2014;0.20;2128.854
09.03.2014;0.20;2126.083
10.03.2014;0.20;2183.526
11.03.2014;0.20;2182.506
12.03.2014;0.20;2172.79
13.03.2014;0.20;2163.075
14.03.2014;0.20;2071.363
15.03.2014;0.20;2051.979
16.03.2014;0.20;2052.333
17.03.2014;0.20;2031.5
18.03.2014;0.20;1998.948
19.03.2014;0.20;2008.031
20.03.2014;0.20;1962.573
21.03.2014;0.20;1950.51
22.03.2014;0.20;1973.531
23.03.2014;0.20;1957.021
24.03.2014;0.20;1970.168
25.03.2014;0.20;1964.522
26.03.2014;0.20;1957.3
27.03.2014;0.20;1950.079
28.03.2014;0.20;1942.857
29.03.2014;0.20;1935.636
30.03.2014;0.19;1929.729
31.03.2014;0.20;1932
01.04.2014;0.20;1928.128
02.04.2014;0.20;1913.829
03.04.2014;0.20;1898.919
04.04.2014;0.20;1884.009
05.04.2014;0.20;1869.099
06.04.2014;0.20;1854.189
07.04.2014;0.19;1839.279
08.04.2014;0.19;1824.37
09.04.2014;0.19;1809.46
10.04.2014;0.19;1794.55
11.04.2014;0.19;1779.64
12.04.2014;0.19;1765.998
13.04.2014;0.19;1841.771
14.04.2014;0.19;1842
15.04.2014;0.19;1810.521
16.04.2014;0.19;1785.979
17.04.2014;0.19;1770.75
18.04.2014;0.19;1764.813
19.04.2014;0.19;1758.719
20.04.2014;0.19;1747.885
21.04.2014;0.19;1767.677
22.04.2014;0.19;1733.417
23.04.2014;0.19;1728.156
24.04.2014;0.19;1721.594
25.04.2014;0.19;1715.969
26.04.2014;0.19;1728.219
27.04.2014;0.19;1755.896
28.04.2014;0.19;1764.313
29.04.2014;0.19;1777.115
30.04.2014;0.19;1765.354
01.05.2014;0.19;1759.417
02.05.2014;0.19;1757.344
03.05.2014;0.19;1778.979
04.05.2014;0.19;1782.958
05.05.2014;0.19;1765.708
06.05.2014;0.19;1750.677
07.05.2014;0.19;1738.5
08.05.2014;0.19;1706.396
09.05.2014;0.19;1706.031
10.05.2014;0.19;1699.031
11.05.2014;0.19;1688.531
12.05.2014;0.19;1680.729
13.05.2014;0.19;1680.365
14.05.2014;0.19;1678.76
15.05.2014;0.19;1677.74
16.05.2014;0.19;1684.448
17.05.2014;0.19;1673.802
18.05.2014;0.19;1674.677
19.05.2014;0.19;1658.438
20.05.2014;0.19;1652.51
21.05.2014;0.19;1633.74
22.05.2014;0.19;1630.594
23.05.2014;0.19;1668.698
24.05.2014;0.19;1662.208
25.05.2014;0.19;1648.865
26.05.2014;0.19;1667.823
27.05.2014;0.19;1698.74
28.05.2014;0.19;1696.188
29.05.2014;0.19;1695.531
30.05.2014;0.19;1684.01
31.05.2014;0.19;1667.604
01.06.2014;0.19;1657.469
02.06.2014;0.19;1641.156
03.06.2014;0.19;1633.948
04.06.2014;0.19;1625.969
05.06.2014;0.19;1624.25
06.06.2014;0.19;1613.042
07.06.2014;0.19;1597.885
08.06.2014;0.19;1605.531
09.06.2014;0.19;1580.438
10.06.2014;0.19;1577.74
11.06.2014;0.19;1572.844
12.06.2014;0.19;1561.906
13.06.2014;0.19;1553
14.06.2014;0.19;1551.438
15.06.2014;0.19;1538.469
16.06.2014;0.19;1531.146
17.06.2014;0.19;1529.677
18.06.2014;0.19;1535.104
19.06.2014;0.19;1537.698
20.06.2014;0.19;1528.5
21.06.2014;0.18;1543.577
22.06.2014;0.18;1529.892
23.06.2014;0.18;1505.187
24.06.2014;0.19;1480.483
25.06.2014;0.19;1461.246
26.06.2014;0.18;1500.438
27.06.2014;0.18;1488.333
28.06.2014;0.18;1487.5
29.06.2014;0.19;1524.094
30.06.2014;0.18;1495.458
01.07.2014;0.18;1487.771
02.07.2014;0.18;1486.833
03.07.2014;0.18;1483.083
04.07.2014;0.18;1485.135
05.07.2014;0.19;1521.073
06.07.2014;0.19;1518
07.07.2014;0.18;1501.146
08.07.2014;0.19;1521.104
09.07.2014;0.19;1542.521
10.07.2014;0.19;1568.885
11.07.2014;0.19;1644.51
12.07.2014;0.19;1639.813
13.07.2014;0.19;1627.667
14.07.2014;0.19;1585.406
15.07.2014;0.19;1557.656
16.07.2014;0.19;1528.552
17.07.2014;0.18;1509.917
18.07.2014;0.18;1499.979
19.07.2014;0.18;1480.792
20.07.2014;0.18;1487
21.07.2014;0.19;1541.104
22.07.2014;0.19;1651.955
23.07.2014;0.19;1711.378
24.07.2014;0.19;1701.583
25.07.2014;0.19;1685.031
26.07.2014;0.19;1677.375
27.07.2014;0.19;1639.167
28.07.2014;0.19;1650.563
29.07.2014;0.19;1653.354
30.07.2014;0.19;1639.917
31.07.2014;0.19;1655.104
01.08.2014;0.19;1644.792
02.08.2014;0.19;1615.75
03.08.2014;0.19;1618.281
04.08.2014;0.19;1593.781
05.08.2014;0.19;1617.385
06.08.2014;0.19;1585.042
07.08.2014;0.19;1591.458
08.08.2014;0.19;1595.708
09.08.2014;0.19;1589.302
10.08.2014;0.19;1621.396
11.08.2014;0.19;1640.073
12.08.2014;0.19;1651.354
13.08.2014;0.19;1641.427
14.08.2014;0.19;1637.063
15.08.2014;0.19;1649.49
16.08.2014;0.19;1673.656
17.08.2014;0.19;1665.604
18.08.2014;0.19;1655.24
19.08.2014;0.19;1640.76
20.08.2014;0.19;1635.156
21.08.2014;0.19;1632.021
22.08.2014;0.19;1607.25
23.08.2014;0.19;1609.469
24.08.2014;0.19;1620.49
25.08.2014;0.19;1603.438
26.08.2014;0.19;1587.875
27.08.2014;0.19;1608.875
28.08.2014;0.19;1584.99
29.08.2014;0.19;1590.615
30.08.2014;0.19;1614.219
31.08.2014;0.19;1620.993
01.09.2014;0.19;1670.635
02.09.2014;0.19;1637.851
03.09.2014;0.19;1558.458
04.09.2014;0.19;1548.667
05.09.2014;0.19;1526.208
06.09.2014;0.19;1527.771
07.09.2014;0.19;1524.396
08.09.2014;0.19;1513.979
09.09.2014;0.18;1496.646
10.09.2014;0.18;1499.125
11.09.2014;0.18;1479.042
12.09.2014;0.18;1452.438
13.09.2014;0.18;1446
14.09.2014;0.18;1462.583
15.09.2014;0.18;1479.875
16.09.2014;0.18;1461.75
17.09.2014;0.18;1454.021
18.09.2014;0.18;1441.167
19.09.2014;0.18;1430.479
20.09.2014;0.18;1445.438
21.09.2014;0.18;1443.906
22.09.2014;0.18;1455.99
23.09.2014;0.19;1460.573
24.09.2014;0.18;1435.813
25.09.2014;0.18;1428.833
26.09.2014;0.18;1422.458
27.09.2014;0.18;1431.365
28.09.2014;0.18;1414.792
29.09.2014;0.18;1407.896
30.09.2014;0.18;1400.198
01.10.2014;0.18;1415.875
02.10.2014;0.18;1407.333
03.10.2014;0.18;1380.865
04.10.2014;0.18;1380.531
05.10.2014;0.18;1389.719
06.10.2014;0.18;1367
07.10.2014;0.18;1357.094
08.10.2014;0.18;1356.969
09.10.2014;0.18;1352.052
10.10.2014;0.18;1351.76
11.10.2014;0.18;1359.927
12.10.2014;0.18;1370.104
13.10.2014;0.18;1360.542
14.10.2014;0.18;1348.854
15.10.2014;0.18;1354.26
16.10.2014;0.18;1354.948
17.10.2014;0.18;1362.021
18.10.2014;0.18;1346.115
19.10.2014;0.18;1337.792
20.10.2014;0.18;1333.146
21.10.2014;0.18;1351.042
22.10.2014;0.18;1402.208
23.10.2014;0.18;1423.115
24.10.2014;0.18;1408.281
25.10.2014;0.18;1391.688
26.10.2014;0.18;1369.865
27.10.2014;0.18;1361.521
28.10.2014;0.18;1351.885
29.10.2014;0.18;1345.375
30.10.2014;0.18;1328.729
31.10.2014;0.18;1323.115
01.11.2014;0.18;1320.604
02.11.2014;0.18;1309.615
03.11.2014;0.18;1306.063
04.11.2014;0.18;1300.688
05.11.2014;0.18;1358.958
06.11.2014;0.18;1431.375
07.11.2014;0.18;1428.417
08.11.2014;0.18;1416.354
09.11.2014;0.18;1409.958
10.11.2014;0.18;1399.271
11.11.2014;0.18;1404.563
12.11.2014;0.18;1398.479
13.11.2014;0.18;1466.083
14.11.2014;0.18;1421.438
15.11.2014;0.18;1430.938
16.11.2014;0.19;1605.573
17.11.2014;0.19;1677.885
18.11.2014;0.19;1686.49
19.11.2014;0.19;1687.875
20.11.2014;0.19;1680
21.11.2014;0.19;1686.781
22.11.2014;0.19;1688.458
23.11.2014;0.19;1678.177
24.11.2014;0.19;1665.49
25.11.2014;0.19;1649.667
26.11.2014;0.19;1635.073
27.11.2014;0.19;1634.802
28.11.2014;0.19;1627.125
29.11.2014;0.19;1606.573
30.11.2014;0.19;1598.5
01.12.2014;0.19;1585.823
02.12.2014;0.19;1583.552
03.12.2014;0.19;1574.896
04.12.2014;0.19;1561.74
05.12.2014;0.19;1560.625
06.12.2014;0.19;1542.583
07.12.2014;0.19;1562.698
08.12.2014;0.19;1555.833
09.12.2014;0.19;1537.073
10.12.2014;0.19;1527.229
11.12.2014;0.19;1534.729
12.12.2014;0.19;1528.479
13.12.2014;0.19;1520.333
14.12.2014;0.18;1505.948
15.12.2014;0.18;1487.729
16.12.2014;0.18;1496.073
17.12.2014;0.18;1501.354
18.12.2014;0.18;1500.427
19.12.2014;0.18;1497.469
20.12.2014;0.18;1516.813
21.12.2014;0.18;1519.271
22.12.2014;0.18;1520.771
23.12.2014;0.18;1498.76
24.12.2014;0.18;1492.313
25.12.2014;0.18;1476.542
26.12.2014;0.18;1494.208
27.12.2014;0.18;1483.083
28.12.2014;0.18;1516.323
29.12.2014;0.18;1513.781
30.12.2014;0.18;1511.458
31.12.2014;0.18;1516.406
01.01.2015;0.19;1510.458
02.01.2015;0.19;1523.292
03.01.2015;0.19;1531.542
04.01.2015;0.19;1679.146
05.01.2015;0.19;1735.313
06.01.2015;0.19;1744.542
07.01.2015;0.19;1751.521
08.01.2015;0.19;1758.438
09.01.2015;0.19;1742.604
10.01.2015;0.19;1810.229
11.01.2015;0.19;1778.469
12.01.2015;0.19;1774.729
13.01.2015;0.19;1781.815
14.01.2015;0.19;1803.352
15.01.2015;0.19;1785.875
16.01.2015;0.19;1801.344
17.01.2015;0.19;1861.115
18.01.2015;0.19;1874.917
19.01.2015;0.19;1884.292
20.01.2015;0.19;1895.802
21.01.2015;0.19;1900.688
22.01.2015;0.19;1892.49
23.01.2015;0.19;1907.042
24.01.2015;0.19;1980.292
25.01.2015;0.19;1903.458
26.01.2015;0.19;1886.406
27.01.2015;0.20;1945.438
28.01.2015;0.20;1936.438
29.01.2015;0.20;1970.646
30.01.2015;0.20;2034.208
31.01.2015;0.20;2054.938
01.02.2015;0.20;2046.74
02.02.2015;0.20;2070.729
03.02.2015;0.20;2088.323
04.02.2015;0.20;2054.24
05.02.2015;0.20;2053.938
06.02.2015;0.20;2066.094
07.02.2015;0.20;2038.115
08.02.2015;0.20;2064.021
09.02.2015;0.20;2024.438
10.02.2015;0.20;2017.344
11.02.2015;0.20;2052.802
12.02.2015;0.20;2007.24
13.02.2015;0.20;1986.417
14.02.2015;0.20;1979.563
15.02.2015;0.20;1979.385
16.02.2015;0.20;1973.844
17.02.2015;0.19;1927.229
18.02.2015;0.19;1925.083
19.02.2015;0.20;1945.708
20.02.2015;0.20;1950.719
21.02.2015;0.19;1915.052
22.02.2015;0.19;1880.708
23.02.2015;0.19;1871.281
24.02.2015;0.19;1917.25
25.02.2015;0.19;1906.104
26.02.2015;0.19;1915.354
27.02.2015;0.19;1921.104
28.02.2015;0.19;1897.042
01.03.2015;0.19;1926.948
02.03.2015;0.20;1969.979
03.03.2015;0.20;2042.958
04.03.2015;0.20;2032.739
05.03.2015;0.20;2068.025
06.03.2015;0.20;2078.537
07.03.2015;0.20;2107.271
08.03.2015;0.20;2094.531
09.03.2015;0.20;2068.344
10.03.2015;0.20;2057.906
11.03.2015;0.20;2035.365
12.03.2015;0.20;2048.042
13.03.2015;0.20;2052.865
14.03.2015;0.20;2013.563
15.03.2015;0.20;2052.219
16.03.2015;0.20;2033.458
17.03.2015;0.20;2020.729
18.03.2015;0.20;2009.104
19.03.2015;0.20;2003.365
20.03.2015;0.20;2031.865
21.03.2015;0.20;2023.781
22.03.2015;0.20;2024.219
23.03.2015;0.20;1989
24.03.2015;0.20;1954.875
25.03.2015;0.20;1988.344
26.03.2015;0.20;1970.073
27.03.2015;0.20;1959.292
28.03.2015;0.20;1958.438
29.03.2015;0.20;1957.74
30.03.2015;0.20;1955.771
31.03.2015;0.20;2012.313
01.04.2015;0.20;1942.677
02.04.2015;0.20;1994.01
03.04.2015;0.20;2077.348
04.04.2015;0.20;2059.208
05.04.2015;0.20;2066.705
06.04.2015;0.20;2145.741
07.04.2015;0.20;2135.066
08.04.2015;0.20;2134.568
09.04.2015;0.20;2083.896
10.04.2015;0.20;2125.417
11.04.2015;0.20;2140.667
12.04.2015;0.20;2079.927
13.04.2015;0.20;2099.167
14.04.2015;0.20;2070.188
15.04.2015;0.20;2072.385
16.04.2015;0.20;2067.406
17.04.2015;0.20;2039.583
18.04.2015;0.20;2069.937
19.04.2015;0.20;2042.803
20.04.2015;0.20;2027.813
21.04.2015;0.20;2012.344
22.04.2015;0.20;2033.313
23.04.2015;0.20;2021.146
24.04.2015;0.20;2061.365
25.04.2015;0.20;2025.901
26.04.2015;0.20;2014.839
27.04.2015;0.20;2013.396
28.04.2015;0.20;2126.281
29.04.2015;0.20;2154
30.04.2015;0.20;2133.814
01.05.2015;0.20;2254.354
02.05.2015;0.21;2462.576
03.05.2015;0.21;2571.692
04.05.2015;0.21;2677.524
05.05.2015;0.21;2724.005
06.05.2015;0.21;2754.803
07.05.2015;0.21;2805.444
08.05.2015;0.21;2824.367
09.05.2015;0.21;2811.854
10.05.2015;0.21;2725.479
11.05.2015;0.21;2748.112
12.05.2015;0.21;2765.219
13.05.2015;0.21;2809.81
14.05.2015;0.21;2757.075
15.05.2015;0.21;2865.226
16.05.2015;0.21;2853.981
17.05.2015;0.21;2785.897
18.05.2015;0.21;2775.905
19.05.2015;0.21;2721.07
20.05.2015;0.21;2755.154
21.05.2015;0.21;2719.886
22.05.2015;0.21;2661.637
23.05.2015;0.21;2649.491
24.05.2015;0.21;2648.766
25.05.2015;0.21;2596.536
26.05.2015;0.21;2669.517
27.05.2015;0.21;2562.702
28.05.2015;0.21;2545.896
29.05.2015;0.21;2567.136
30.05.2015;0.21;2482.583
31.05.2015;0.21;2457.338
01.06.2015;0.21;2434.995
02.06.2015;0.21;2420.917
03.06.2015;0.21;2402.667
04.06.2015;0.20;2342.5
05.06.2015;0.20;2377.083
06.06.2015;0.20;2364.083
07.06.2015;0.20;2377.167
08.06.2015;0.20;2348.667
09.06.2015;0.20;2336.833
10.06.2015;0.20;2291.854
11.06.2015;0.20;2280.458
12.06.2015;0.20;2275.229
13.06.2015;0.20;2285.378
14.06.2015;0.20;2232.009
15.06.2015;0.20;2366.167
16.06.2015;0.20;2383.417
17.06.2015;0.20;2311.806
18.06.2015;0.20;2297.466
19.06.2015;0.20;2269.513
20.06.2015;0.20;2248.972
21.06.2015;0.20;2233.063
22.06.2015;0.20;2208.317
23.06.2015;0.20;2215.416
24.06.2015;0.20;2193.523
25.06.2015;0.20;2175.521
26.06.2015;0.20;2157.488
27.06.2015;0.20;2147.466
28.06.2015;0.20;2145.513
29.06.2015;0.20;2127.594
30.06.2015;0.20;2104.292
01.07.2015;0.20;2097.57
02.07.2015;0.20;2077.213
03.07.2015;0.20;2068.219
04.07.2015;0.20;2053.046
05.07.2015;0.20;2043.796
06.07.2015;0.20;2021.646
07.07.2015;0.20;2013.072
08.07.2015;0.20;2000.018
09.07.2015;0.20;1996.939
10.07.2015;0.20;1975.861
11.07.2015;0.20;1975.236
12.07.2015;0.20;1972.564
13.07.2015;0.20;1954.19
14.07.2015;0.20;1948.429
15.07.2015;0.20;1931.057
16.07.2015;0.19;1919.412
17.07.2015;0.19;1911.984
18.07.2015;0.19;1904.481
19.07.2015;0.19;1902.466
20.07.2015;0.19;1883.83
21.07.2015;0.19;1873.902
22.07.2015;0.19;1870.927
23.07.2015;0.19;1872.074
24.07.2015;0.19;1866.513
25.07.2015;0.19;1856.573
26.07.2015;0.19;1853.15
27.07.2015;0.20;2030.3
28.07.2015;0.20;2209.675
29.07.2015;0.20;2179.469
30.07.2015;0.20;2142.308
31.07.2015;0.20;2103.16
01.08.2015;0.20;2081.768
02.08.2015;0.20;2041.61
03.08.2015;0.20;2004.758
04.08.2015;0.20;1962.127
05.08.2015;0.20;1927.592
06.08.2015;0.19;1890.041
07.08.2015;0.19;1856.666
08.08.2015;0.19;1828.878
09.08.2015;0.19;1808.022
10.08.2015;0.19;1787.192
11.08.2015;0.19;1768.781
12.08.2015;0.19;1747.222
13.08.2015;0.19;1737.652
14.08.2015;0.19;1757.007
15.08.2015;0.19;1749.748
16.08.2015;0.19;1760.51
17.08.2015;0.19;1750.382
18.08.2015;0.19;1730.3
19.08.2015;0.19;1709.422
20.08.2015;0.19;1690.44
21.08.2015;0.19;1679.038
22.08.2015;0.19;1670.845
23.08.2015;0.19;1664.624
24.08.2015;0.19;1657.3
25.08.2015;0.19;1646.449
26.08.2015;0.19;1634.03
27.08.2015;0.19;1622.004
28.08.2015;0.19;1609.969
29.08.2015;0.19;1597.458
30.08.2015;0.19;1588.938
31.08.2015;0.19;1581.083
01.09.2015;0.19;1570.125
02.09.2015;0.19;1568.292
03.09.2015;0.19;1554.458
04.09.2015;0.18;1542.229
05.09.2015;0.18;1534.719
06.09.2015;0.18;1525.01
07.09.2015;0.18;1516.271
08.09.2015;0.18;1505.625
09.09.2015;0.18;1499.917
10.09.2015;0.18;1494.5
11.09.2015;0.18;1487.771
12.09.2015;0.18;1481.313
13.09.2015;0.18;1480.052
14.09.2015;0.18;1493.208
15.09.2015;0.18;1480.271
16.09.2015;0.18;1468.688
17.09.2015;0.18;1486.188
18.09.2015;0.18;1496.625
19.09.2015;0.18;1478.042
20.09.2015;0.18;1464.479
21.09.2015;0.18;1448.125
22.09.2015;0.18;1440.021
23.09.2015;0.18;1433.229
24.09.2015;0.18;1420.271
25.09.2015;0.18;1412.563
26.09.2015;0.18;1403.74
27.09.2015;0.18;1391.625
28.09.2015;0.18;1381.26
29.09.2015;0.18;1375.24
30.09.2015;0.18;1369.646
01.10.2015;0.18;1364.49
02.10.2015;0.18;1375.24
03.10.2015;0.18;1365.167
04.10.2015;0.18;1372.854
05.10.2015;0.18;1361.771
06.10.2015;0.18;1357.396
07.10.2015;0.18;1354.625
08.10.2015;0.18;1341.292
09.10.2015;0.18;1332.25
10.10.2015;0.18;1326.598
11.10.2015;0.18;1314
12.10.2015;0.18;1303.938
13.10.2015;0.18;1295.021
14.10.2015;0.18;1285.104
15.10.2015;0.18;1278.125
16.10.2015;0.18;1271.729
17.10.2015;0.18;1262.583
18.10.2015;0.18;1265.49
19.10.2015;0.18;1261.771
20.10.2015;0.18;1254.365
21.10.2015;0.18;1247.188
22.10.2015;0.18;1243.063
23.10.2015;0.18;1235.823
24.10.2015;0.18;1231.458
25.10.2015;0.18;1226.396
26.10.2015;0.18;1221
27.10.2015;0.18;1217.625
28.10.2015;0.18;1209.542
29.10.2015;0.18;1207.938
30.10.2015;0.18;1198.563
31.10.2015;0.18;1193.063
01.11.2015;0.18;1187.75
02.11.2015;0.18;1180.688
03.11.2015;0.18;1176.375
04.11.2015;0.18;1170.484
05.11.2015;0.18;1169.926
06.11.2015;0.18;1160.625
07.11.2015;0.17;1156.438
08.11.2015;0.17;1152.957
09.11.2015;0.17;1146.208
10.11.2015;0.17;1139.917
11.11.2015;0.17;1135.771
12.11.2015;0.17;1132.646
13.11.2015;0.17;1125.542
14.11.2015;0.17;1122.063
15.11.2015;0.17;1117.5
16.11.2015;0.17;1116.781
17.11.2015;0.17;1110.427
18.11.2015;0.17;1106.396
19.11.2015;0.17;1101.552
20.11.2015;0.17;1128.74
21.11.2015;0.18;1228.375
22.11.2015;0.18;1208.063
23.11.2015;0.18;1173.063
24.11.2015;0.17;1150.25
25.11.2015;0.18;1164.146
26.11.2015;0.18;1163.5
27.11.2015;0.17;1148.75
28.11.2015;0.17;1136.104
29.11.2015;0.17;1136.167
30.11.2015;0.17;1129.833
01.12.2015;0.17;1122
02.12.2015;0.17;1114.625
03.12.2015;0.17;1104.458
04.12.2015;0.17;1094.948
05.12.2015;0.17;1089.188
06.12.2015;0.17;1084.417
07.12.2015;0.17;1074.917
08.12.2015;0.17;1069.487
09.12.2015;0.17;1073.867
10.12.2015;0.17;1061.958
11.12.2015;0.17;1058.5
12.12.2015;0.17;1052.417
13.12.2015;0.17;1049.198
14.12.2015;0.17;1044.854
15.12.2015;0.17;1037.719
16.12.2015;0.17;1036.052
17.12.2015;0.17;1032.979
18.12.2015;0.17;1027.354
19.12.2015;0.17;1025.896
20.12.2015;0.17;1022.979
21.12.2015;0.17;1018.083
22.12.2015;0.17;1014.333
23.12.2015;0.17;1011.208
24.12.2015;0.17;1007.406
25.12.2015;0.17;1003.448
26.12.2015;0.17;1000.635
27.12.2015;0.17;996.729
28.12.2015;0.17;995.792
29.12.2015;0.17;993.24
30.12.2015;0.17;988.436
31.12.2015;0.17;982.679
01.01.2016;0.17;1016.542
02.01.2016;0.17;1123.844
03.01.2016;0.18;1230.344
04.01.2016;0.18;1329.866
05.01.2016;0.18;1355.062
06.01.2016;0.18;1264.406
07.01.2016;0.18;1199.479
08.01.2016;0.18;1200.052
09.01.2016;0.18;1306.012
10.01.2016;0.18;1331.975
11.01.2016;0.18;1377.677
12.01.2016;0.18;1438.421
13.01.2016;0.18;1438.403
14.01.2016;0.18;1430.954
15.01.2016;0.18;1406.385
16.01.2016;0.18;1378.526
17.01.2016;0.18;1353.056
18.01.2016;0.18;1329.271
19.01.2016;0.18;1307.688
20.01.2016;0.18;1294.167
21.01.2016;0.18;1266.792
22.01.2016;0.18;1250.667
23.01.2016;0.18;1238.198
24.01.2016;0.18;1229.625
25.01.2016;0.18;1223.708
26.01.2016;0.18;1212.479
27.01.2016;0.18;1207.409
28.01.2016;0.18;1197.75
29.01.2016;0.18;1186.838
30.01.2016;0.18;1178.182
31.01.2016;0.18;1271.26
01.02.2016;0.18;1370.891
02.02.2016;0.18;1388.656
03.02.2016;0.18;1406.439
04.02.2016;0.18;1436.309
05.02.2016;0.18;1441.07
06.02.2016;0.18;1449.125
07.02.2016;0.18;1449.111
08.02.2016;0.18;1456.054
09.02.2016;0.18;1456.104
10.02.2016;0.18;1466.014
11.02.2016;0.18;1461.209
12.02.2016;0.18;1462.919
13.02.2016;0.18;1470.625
14.02.2016;0.19;1521.408
15.02.2016;0.19;1604.104
16.02.2016;0.19;1641.09
17.02.2016;0.19;1636.679
18.02.2016;0.19;1645.465
19.02.2016;0.19;1666.633
20.02.2016;0.19;1680
21.02.2016;0.19;1654.143
22.02.2016;0.19;1633.422
23.02.2016;0.19;1617.877
24.02.2016;0.19;1648.343
25.02.2016;0.19;1697.355
26.02.2016;0.19;1739.354
27.02.2016;0.19;1761.345
28.02.2016;0.19;1755.896
29.02.2016;0.19;1745.042
01.03.2016;0.19;1748.145
02.03.2016;0.19;1753.37
03.03.2016;0.19;1773.987
04.03.2016;0.19;1810.076
05.03.2016;0.19;1853.933
06.03.2016;0.19;1884.406
07.03.2016;0.19;1906.719
08.03.2016;0.19;1922.066
09.03.2016;0.20;1930.803
10.03.2016;0.19;1931.033
11.03.2016;0.19;1889.977
12.03.2016;0.19;1897.063
13.03.2016;0.19;1918.891
14.03.2016;0.19;1916.564
15.03.2016;0.19;1895.764
16.03.2016;0.19;1894.548
17.03.2016;0.19;1872.942
18.03.2016;0.19;1871.195
19.03.2016;0.19;1854.106
20.03.2016;0.19;1840.259
21.03.2016;0.19;1832.389
22.03.2016;0.19;1808.137
23.03.2016;0.19;1806.491
24.03.2016;0.19;1795.477
25.03.2016;0.19;1774.232
26.03.2016;0.19;1762.947
27.03.2016;0.19;1766.656
28.03.2016;0.19;1744.535
29.03.2016;0.19;1735.961
30.03.2016;0.19;1730.982
31.03.2016;0.19;1717.416
01.04.2016;0.19;1704.024
02.04.2016;0.19;1700.392
03.04.2016;0.19;1713.105
04.04.2016;0.19;1683.861
05.04.2016;0.19;1685.884
06.04.2016;0.19;1711.037
07.04.2016;0.19;1700.114
08.04.2016;0.19;1682.146
09.04.2016;0.19;1678.38
10.04.2016;0.19;1662.691
11.04.2016;0.19;1648.905
12.04.2016;0.19;1628.411
13.04.2016;0.19;1644.521
14.04.2016;0.19;1663.759
15.04.2016;0.19;1665.471
16.04.2016;0.19;1677.138
17.04.2016;0.19;1853.157
18.04.2016;0.20;1930.762
19.04.2016;0.20;1975.207
20.04.2016;0.20;1974.271
21.04.2016;0.20;1943.278
22.04.2016;0.20;1929.695
23.04.2016;0.20;1927.011
24.04.2016;0.19;1921.666
25.04.2016;0.20;1892.232
26.04.2016;0.19;1886.276
27.04.2016;0.19;1873.424
28.04.2016;0.19;1859.742
29.04.2016;0.19;1850.275
30.04.2016;0.19;1848.079
01.05.2016;0.20;1905.387
02.05.2016;0.20;2026.716
03.05.2016;0.20;2081.659
04.05.2016;0.20;2092.348
05.05.2016;0.20;2079.657
06.05.2016;0.20;2101.9
07.05.2016;0.20;2089.359
08.05.2016;0.20;2079.611
09.05.2016;0.20;2067.045
10.05.2016;0.20;2098.993
11.05.2016;0.20;2080.756
12.05.2016;0.20;2074.293
13.05.2016;0.20;2170.776
14.05.2016;0.20;2297.593
15.05.2016;0.20;2337.635
16.05.2016;0.20;2358.52
17.05.2016;0.20;2366.626
18.05.2016;0.20;2372.888
19.05.2016;0.20;2384.015
20.05.2016;0.21;2382.294
21.05.2016;0.20;2372.417
22.05.2016;0.21;2376.28
23.05.2016;0.21;2385.859
24.05.2016;0.21;2408.38
25.05.2016;0.21;2415.804
26.05.2016;0.21;2397.843
27.05.2016;0.21;2386.218
28.05.2016;0.20;2376.074
29.05.2016;0.21;2378.458
30.05.2016;0.20;2349.405
31.05.2016;0.20;2339.338
01.06.2016;0.20;2307.924
02.06.2016;0.20;2279.163
03.06.2016;0.20;2283.633
04.06.2016;0.20;2254.058
05.06.2016;0.20;2223.448
06.06.2016;0.20;2217.146
07.06.2016;0.20;2211.406
08.06.2016;0.20;2200.83
09.06.2016;0.20;2190.358
10.06.2016;0.20;2188.828
11.06.2016;0.20;2196.141
12.06.2016;0.20;2182.343
13.06.2016;0.20;2196.067
14.06.2016;0.20;2218.611
15.06.2016;0.20;2205.88
16.06.2016;0.20;2262.88
17.06.2016;0.21;2430.219
18.06.2016;0.21;2493.417
19.06.2016;0.21;2505.871
20.06.2016;0.21;2515.512
21.06.2016;0.21;2505.783
22.06.2016;0.21;2516.576
23.06.2016;0.21;2519.924
24.06.2016;0.21;2511.933
25.06.2016;0.21;2514.271
26.06.2016;0.21;2503.99
27.06.2016;0.21;2479.672
28.06.2016;0.21;2477.912
29.06.2016;0.21;2465.682
30.06.2016;0.21;2451.16
01.07.2016;0.21;2410.213
02.07.2016;0.21;2394.828
03.07.2016;0.20;2362.338
04.07.2016;0.20;2343.75
05.07.2016;0.20;2308.417
06.07.2016;0.20;2290.282
07.07.2016;0.20;2258.614
08.07.2016;0.20;2245.813
09.07.2016;0.20;2229.312
10.07.2016;0.20;2208.802
11.07.2016;0.20;2190.792
12.07.2016;0.20;2171.934
13.07.2016;0.20;2144.077
14.07.2016;0.20;2169.563
15.07.2016;0.20;2149
16.07.2016;0.20;2123.396
17.07.2016;0.20;2113.875
18.07.2016;0.20;2090.515
19.07.2016;0.20;2073.922
20.07.2016;0.20;2057.396
21.07.2016;0.20;2054.233
22.07.2016;0.20; ---
23.07.2016;0.20; ---
24.07.2016;0.20; ---
25.07.2016;0.20; ---
26.07.2016;0.20; ---
27.07.2016;0.20; ---
28.07.2016;0.20;1946.318
29.07.2016;0.19;1890.536
30.07.2016;0.19;1895.184
31.07.2016;0.19;1913.271
01.08.2016;0.20;1892.969
02.08.2016;0.19;1887.438
03.08.2016;0.19;1879.969
04.08.2016;0.19;1872.629
05.08.2016;0.19;1896.465
06.08.2016;0.19;1889.269
07.08.2016;0.19;1866.065
08.08.2016;0.19;1843.948
09.08.2016;0.19;1838.688
10.08.2016;0.19;1825.031
11.08.2016;0.19;1809.833
12.08.2016;0.19;1800.323
13.08.2016;0.19;1786.344
14.08.2016;0.19;1785.125
15.08.2016;0.19;1775.688
16.08.2016;0.19;1763.198
17.08.2016;0.19;1749.313
18.08.2016;0.19;1747.646
19.08.2016;0.19;1748.281
20.08.2016;0.19;1743.729
21.08.2016;0.19;1738.063
22.08.2016;0.19;1730.854
23.08.2016;0.19;1711.948
24.08.2016;0.19;1703.573
25.08.2016;0.19;1698.344
26.08.2016;0.19;1685.156
27.08.2016;0.19;1677.906
28.08.2016;0.19;1672.323
29.08.2016;0.19;1655.896
30.08.2016;0.19;1650.146
31.08.2016;0.19;1640.969
01.09.2016;0.19;1634.104
02.09.2016;0.19;1624.698
03.09.2016;0.19;1618.813
04.09.2016;0.19;1611.427
05.09.2016;0.19;1628.76
06.09.2016;0.19;1618.385
07.09.2016;0.19;1609.792
08.09.2016;0.19;1599.677
09.09.2016;0.19;1588.583
10.09.2016;0.19;1578.26
11.09.2016;0.19;1574.604
12.09.2016;0.19;1567.031
13.09.2016;0.19;1560.99
14.09.2016;0.19;1547.719
15.09.2016;0.19;1542.448
16.09.2016;0.19;1547.75
17.09.2016;0.19;1545.771
18.09.2016;0.19;1572.885
19.09.2016;0.19;1600.927
20.09.2016;0.19;1585.854
21.09.2016;0.19;1560.417
22.09.2016;0.19;1542.208
23.09.2016;0.19;1525.833
24.09.2016;0.19;1518.896
25.09.2016;0.18;1508.26
26.09.2016;0.18;1495.604
27.09.2016;0.18;1486.292
28.09.2016;0.18;1478.375
29.09.2016;0.18;1469.75
30.09.2016;0.18;1464.5
01.10.2016;0.18;1457.188
02.10.2016;0.18;1451.75
03.10.2016;0.18;1442.448
04.10.2016;0.18;1435.583
05.10.2016;0.18;1424.438
06.10.2016;0.18;1418.667
07.10.2016;0.18;1411.927
08.10.2016;0.18;1403.26
09.10.2016;0.18;1391.479
10.10.2016;0.18;1387.302
11.10.2016;0.18;1382.146
12.10.2016;0.18;1373.771
13.10.2016;0.18;1363.917
14.10.2016;0.18;1362.583
15.10.2016;0.18;1354.688
16.10.2016;0.18;1347.021
17.10.2016;0.18;1345
18.10.2016;0.18;1345.083
19.10.2016;0.18;1330.438
20.10.2016;0.18;1324.25
21.10.2016;0.18;1323.5
22.10.2016;0.18;1319.438
23.10.2016;0.18;1313.75
24.10.2016;0.18;1314.063
25.10.2016;0.18;1357.188
26.10.2016;0.18;1360.479
27.10.2016;0.18;1344.188
28.10.2016;0.18;1322.375
29.10.2016;0.18;1307.688
30.10.2016;0.18;1297.625
31.10.2016;0.18;1287.292
01.11.2016;0.18;1275.563
02.11.2016;0.18;1268.177
03.11.2016;0.18;1255.188
04.11.2016;0.18;1249.802
05.11.2016;0.18;1251.802
06.11.2016;0.18;1277.563
07.11.2016;0.18;1280.958
08.11.2016;0.18;1269.125
09.11.2016;0.18;1258.521
10.11.2016;0.18;1274.792
11.11.2016;0.18;1353.823
12.11.2016;0.18;1361.49
13.11.2016;0.18;1332.563
14.11.2016;0.18;1305.5
15.11.2016;0.18;1288.813
16.11.2016;0.18;1271.896
17.11.2016;0.18;1260.396
18.11.2016;0.18;1257.229
19.11.2016;0.18;1260.688
20.11.2016;0.18;1255.74
21.11.2016;0.18;1247.698
22.11.2016;0.18;1234.573
23.11.2016;0.18;1228.083
24.11.2016;0.18;1218.667
25.11.2016;0.18;1208.417
26.11.2016;0.18;1201.042
27.11.2016;0.18;1194.875
28.11.2016;0.18;1187.5
29.11.2016;0.18;1179.563
30.11.2016;0.18;1172.25
01.12.2016;0.18;1165.875
02.12.2016;0.18;1162
03.12.2016;0.18;1160.5
04.12.2016;0.17;1151.5
05.12.2016;0.17;1148.125
06.12.2016;0.17;1141.25
07.12.2016;0.17;1137.792
08.12.2016;0.17;1132.813
09.12.2016;0.17;1125.875
10.12.2016;0.17;1122.458
11.12.2016;0.17;1119.021
12.12.2016;0.17;1117.49
13.12.2016;0.17;1114.115
14.12.2016;0.17;1108.771
15.12.2016;0.17;1103.469
16.12.2016;0.17;1097.625
17.12.2016;0.17;1094.458
18.12.2016;0.17;1091.146
19.12.2016;0.17;1087.479
20.12.2016;0.17;1084.063
21.12.2016;0.17;1079.396
22.12.2016;0.17;1073.063
23.12.2016;0.17;1066.979
24.12.2016;0.17;1064.417
25.12.2016;0.17;1061.229
26.12.2016;0.17;1058.958
27.12.2016;0.17;1052.521
28.12.2016;0.17;1046.073
29.12.2016;0.17;1045.115
30.12.2016;0.17;1038.135
31.12.2016;0.17;1033.76
01.01.2017;0.17;1032.927
02.01.2017;0.17;1028.708
03.01.2017;0.17;1024.958
04.01.2017;0.17;1023.188
05.01.2017;0.17;1019.021
06.01.2017;0.17;1011.573
07.01.2017;0.17;1005.375
08.01.2017;0.17;1001.208
09.01.2017;0.17;997.146
10.01.2017;0.17;995.063
11.01.2017;0.17;993.292
12.01.2017;0.17;1001.083
13.01.2017;0.17;1011.521
14.01.2017;0.17;992.847
15.01.2017;0.17;1003.007
16.01.2017;0.17;994.75
17.01.2017;0.17;986.885
18.01.2017;0.17;978.604
19.01.2017;0.17;975.979
20.01.2017;0.17;970.958
21.01.2017;0.17;964.833
22.01.2017;0.17;963.896
23.01.2017;0.17;971.49
24.01.2017;0.17;957.729
25.01.2017;0.17;950.875
26.01.2017;0.17;945.813
27.01.2017;0.17;940.042
28.01.2017;0.17;935.188
29.01.2017;0.17;931.396
30.01.2017;0.17;930.792
31.01.2017;0.17;957.104
01.02.2017;0.17;1044.948
02.02.2017;0.17;1070.229
03.02.2017;0.17;1070.083
04.02.2017;0.17;1068.667
05.02.2017;0.17;1068.146
06.02.2017;0.17;1129.656
07.02.2017;0.17;1154.625
08.02.2017;0.18;1164.875
09.02.2017;0.18;1159.438
10.02.2017;0.17;1147.844
11.02.2017;0.17;1134.74
12.02.2017;0.17;1121.25
13.02.2017;0.17;1109.094
14.02.2017;0.17;1096.563
15.02.2017;0.17;1086.396
16.02.2017;0.17;1079.979
17.02.2017;0.17;1073.375
18.02.2017;0.17;1066.833
19.02.2017;0.17;1059.125
20.02.2017;0.17;1051.563
21.02.2017;0.17;1046.646
22.02.2017;0.17;1039.854
23.02.2017;0.17;1035.448
24.02.2017;0.17;1029.75
25.02.2017;0.17;1025.948
26.02.2017;0.17;1023.135
27.02.2017;0.17;1019.979
28.02.2017;0.17;1043.844
01.03.2017;0.17;1062.5
02.03.2017;0.17;1077.729
03.03.2017;0.17;1087.271
04.03.2017;0.17;1088.542
05.03.2017;0.17;1082.792
06.03.2017;0.17;1099.26
07.03.2017;0.18;1175.625
08.03.2017;0.18;1200.854
09.03.2017;0.18;1229.198
10.03.2017;0.18;1250.073
11.03.2017;0.18;1258.781
12.03.2017;0.18;1260.781
13.03.2017;0.18;1258.323
14.03.2017;0.18;1251.177
15.03.2017;0.18;1248.281
16.03.2017;0.18;1241.344
17.03.2017;0.18;1234.313
18.03.2017;0.18;1227.083
19.03.2017;0.18;1221.615
20.03.2017;0.18;1217.406
21.03.2017;0.18;1213.448
22.03.2017;0.18;1218.083
23.03.2017;0.18;1212.917
24.03.2017;0.18;1208.229
25.03.2017;0.18;1206.979
26.03.2017;0.18;1203.688
27.03.2017;0.18;1198.625
28.03.2017;0.18;1194
29.03.2017;0.18;1190.938
30.03.2017;0.18;1186.125
31.03.2017;0.18;1180.375
01.04.2017;0.18;1172.938
02.04.2017;0.18;1166.25
03.04.2017;0.17;1156.688
04.04.2017;0.17;1149.896
05.04.2017;0.17;1142.458
06.04.2017;0.17;1138.542
07.04.2017;0.17;1133.125
08.04.2017;0.17;1127.875
09.04.2017;0.17;1124.417
10.04.2017;0.17;1120.646
11.04.2017;0.17;1115.198
12.04.2017;0.17;1111.417
13.04.2017;0.17;1109
14.04.2017;0.17;1102.479
15.04.2017;0.17;1097.417
16.04.2017;0.17;1091.333
17.04.2017;0.17;1087.979
18.04.2017;0.17;1090.688
19.04.2017;0.17;1086.708
20.04.2017;0.17;1082.438
21.04.2017;0.17;1073.063
22.04.2017;0.17;1068.042
23.04.2017;0.17;1060.604
24.04.2017;0.17;1057.948
25.04.2017;0.17;1063.74
26.04.2017;0.17;1142.854
27.04.2017;0.18;1166.25
28.04.2017;0.18;1197.402
29.04.2017;0.18;1218.316
30.04.2017;0.18;1189.167
01.05.2017;0.17;1128.708
02.05.2017;0.17;1114.75
03.05.2017;0.17;1103.26
04.05.2017;0.17;1090.646
05.05.2017;0.17;1078.542
06.05.2017;0.17;1076.438
07.05.2017;0.17;1123.573
08.05.2017;0.17;1152.125
09.05.2017;0.17;1147.188
10.05.2017;0.17;1131.208
11.05.2017;0.17;1118.958
12.05.2017;0.17;1108.948
13.05.2017;0.17;1097.083
14.05.2017;0.17;1087.729
15.05.2017;0.17;1081.771
16.05.2017;0.17;1071.521
17.05.2017;0.17;1064.896
18.05.2017;0.17;1061.833
19.05.2017;0.17;1081.198
20.05.2017;0.17;1082.969
21.05.2017;0.17;1079.542
22.05.2017;0.17;1064.083
23.05.2017;0.17;1056.75
24.05.2017;0.17;1048.031
25.05.2017;0.17;1037.563
26.05.2017;0.17;1032.563
27.05.2017;0.17;1026.938
28.05.2017;0.17;1022.042
29.05.2017;0.17;1030.573
30.05.2017;0.17;1014.594
31.05.2017;0.17;998.083
01.06.2017;0.17;1043.563
02.06.2017;0.17;1038.865
03.06.2017;0.17;1029.281
04.06.2017;0.17;1039.198
05.06.2017;0.17;1030.167
06.06.2017;0.17;1027.667
07.06.2017;0.17;1025.271
08.06.2017;0.17;1018.969
09.06.2017;0.17;1008.604
10.06.2017;0.17;1001.313
11.06.2017;0.17;996.208
12.06.2017;0.17;992.406
13.06.2017;0.17;988.083
14.06.2017;0.17;986.365
15.06.2017;0.17;979.385
16.06.2017;0.17;974.521
17.06.2017;0.17;970.615
18.06.2017;0.17;965
19.06.2017;0.17;961.771
20.06.2017;0.17;958.188
21.06.2017;0.17;955.438
22.06.2017;0.17;949.938
23.06.2017;0.17;941.875
24.06.2017;0.17;936.271
25.06.2017;0.17;932.833
26.06.2017;0.17;931.438
27.06.2017;0.17;930.021
28.06.2017;0.17;952.375
29.06.2017;0.17;977.646
30.06.2017;0.17;966.104
01.07.2017;0.17;960.229
02.07.2017;0.17;952.813
03.07.2017;0.17;944.813
04.07.2017;0.17;940.813
05.07.2017;0.17;935.271
06.07.2017;0.17;929.979
07.07.2017;0.17;928.708
08.07.2017;0.17;923.604
09.07.2017;0.17;928.542
10.07.2017;0.17;962.458
11.07.2017;0.17;961.625
12.07.2017;0.17;961.396
13.07.2017;0.17;965.708
14.07.2017;0.17;958.333
15.07.2017;0.17;941.271
16.07.2017;0.17;932.292
17.07.2017;0.17;925.021
18.07.2017;0.17;918.542
19.07.2017;0.17;909.115
20.07.2017;0.17;904.063
21.07.2017;0.17;914.531
22.07.2017;0.17;945.271
23.07.2017;0.17;963.521
24.07.2017;0.17;957.125
25.07.2017;0.17;974.104
26.07.2017;0.17;1103.531
27.07.2017;0.17;1069.854
28.07.2017;0.17;1038.469
29.07.2017;0.17;1013.031
30.07.2017;0.17;993.031
31.07.2017;0.17;974.396
01.08.2017;0.17;962.188
02.08.2017;0.17;951.146
03.08.2017;0.17;938.667
04.08.2017;0.17;927.646
05.08.2017;0.17;919.792
06.08.2017;0.17;908.594
07.08.2017;0.17;903.021
08.08.2017;0.17;910.99
09.08.2017;0.17;913.177
10.08.2017;0.17;960.375
11.08.2017;0.17;982.875
12.08.2017;0.17;977.885
13.08.2017;0.17;960.917
14.08.2017;0.17;943.51
15.08.2017;0.17;928.281
16.08.2017;0.17;922.25
17.08.2017;0.17;918.854
18.08.2017;0.17;909.635
19.08.2017;0.17;905.208
20.08.2017;0.17;899.375
21.08.2017;0.17;894.844
22.08.2017;0.17;886.302
23.08.2017;0.17;877.365
24.08.2017;0.17;873.229
25.08.2017;0.17;870.146
26.08.2017;0.17;867.854
27.08.2017;0.17;864.667
28.08.2017;0.17;861.292
29.08.2017;0.17;857.75
30.08.2017;0.17;851.458
31.08.2017;0.17;850.177
01.09.2017;0.17;847.979
02.09.2017;0.17;853
03.09.2017;0.17;852.083
04.09.2017;0.17;848.25
05.09.2017;0.17;847.583
06.09.2017;0.17;846.604
07.09.2017;0.17;845.917
08.09.2017;0.16;843.896
09.09.2017;0.16;842.042
10.09.2017;0.16;838.24
11.09.2017;0.16;832.25
12.09.2017;0.16;827.042
13.09.2017;0.16;821.938
14.09.2017;0.16;825.167
15.09.2017;0.16;823.5
16.09.2017;0.16;819.646
17.09.2017;0.16;823.396
18.09.2017;0.16;835.219
19.09.2017;0.16;831.365
20.09.2017;0.16;822.667
21.09.2017;0.16;818.031
22.09.2017;0.16;816.521
23.09.2017;0.16;815.74
24.09.2017;0.16;814.802
25.09.2017;0.16;812.458
26.09.2017;0.16;808.083
27.09.2017;0.16;806.313
28.09.2017;0.16;800.479
29.09.2017;0.16;796.781
30.09.2017;0.16;791.573
01.10.2017;0.16;789.802
02.10.2017;0.16;787.146
03.10.2017;0.16;789.542
04.10.2017;0.16;787.198
05.10.2017;0.16;786.99
06.10.2017;0.16;788.083
07.10.2017;0.16;786.313
08.10.2017;0.16;785.896
09.10.2017;0.16;785.583
10.10.2017;0.16;784.021
11.10.2017;0.16;781.938
12.10.2017;0.16;778.813
13.10.2017;0.16;774.958
14.10.2017;0.16;768.76
15.10.2017;0.16;764.646
16.10.2017;0.16;760.479
17.10.2017;0.16;757.875
18.10.2017;0.16;757.51
19.10.2017;0.16;756.823
20.10.2017;0.16;756.146
21.10.2017;0.16;755.417
22.10.2017;0.16;755.167
23.10.2017;0.16;758.073
24.10.2017;0.16;760.01
25.10.2017;0.16;756.667
26.10.2017;0.16;755.271
27.10.2017;0.16;754.5
28.10.2017;0.16;753.75
29.10.2017;0.16;753.25
30.10.2017;0.16;755.417
31.10.2017;0.16;753
01.11.2017;0.16;750.833
02.11.2017;0.16;744.875
03.11.2017;0.16;741.667
04.11.2017;0.16;738.542
05.11.2017;0.16;749.688
06.11.2017;0.16;758.917
07.11.2017;0.16;757.875
08.11.2017;0.16;763.24
09.11.2017;0.16;757.219
10.11.2017;0.16;754.917
11.11.2017;0.16;759.208
12.11.2017;0.17;880.052
13.11.2017;0.17;977.104
14.11.2017;0.17;950.083
15.11.2017;0.17;912.281
16.11.2017;0.17;882.031
17.11.2017;0.17;865.063
18.11.2017;0.17;847.583
19.11.2017;0.16;840.615
20.11.2017;0.16;826.625
21.11.2017;0.16;816.625
22.11.2017;0.16;812.823
23.11.2017;0.16;803.969
24.11.2017;0.16;791.365
25.11.2017;0.16;806.99
26.11.2017;0.16;838.094
27.11.2017;0.17;846.833
28.11.2017;0.17;847.667
29.11.2017;0.17;857.625
30.11.2017;0.17;853.208
01.12.2017;0.17;847.063
02.12.2017;0.16;842.333
03.12.2017;0.16;836.052
04.12.2017;0.16;825.063
05.12.2017;0.16;819.177
06.12.2017;0.16;816.99
07.12.2017;0.16;815.688
08.12.2017;0.16;816.052
09.12.2017;0.16;817.823
10.12.2017;0.16;830.469
11.12.2017;0.17;884.688
12.12.2017;0.17;959.458
13.12.2017;0.17;966.771
14.12.2017;0.17;990.552
15.12.2017;0.17;1137.781
16.12.2017;0.18;1191.313
17.12.2017;0.18;1191.25
18.12.2017;0.18;1183.938
19.12.2017;0.18;1167.625
20.12.2017;0.17;1156.333
21.12.2017;0.17;1140.875
22.12.2017;0.17;1134.813
23.12.2017;0.17;1134.021
24.12.2017;0.17;1125.458
25.12.2017;0.17;1119.313
26.12.2017;0.17;1111.896
27.12.2017;0.17;1107.656
28.12.2017;0.17;1093.979
29.12.2017;0.17;1081.813
30.12.2017;0.17;1080.417
31.12.2017;0.17;1084.771
01.01.2018;0.17;1082.542
02.01.2018;0.17;1096.771
03.01.2018;0.17;1123.438
04.01.2018;0.18;1206.969
05.01.2018;0.18;1356.469
06.01.2018;0.18;1444.208
07.01.2018;0.18;1475.323
08.01.2018;0.18;1498.37
09.01.2018;0.18;1492.842
10.01.2018;0.18;1490.84
11.01.2018;0.18;1475.865
12.01.2018;0.18;1452.563
13.01.2018;0.18;1441.167
14.01.2018;0.18;1427.313
15.01.2018;0.18;1427.604
16.01.2018;0.18;1418.604
17.01.2018;0.18;1444.625
18.01.2018;0.18;1468.333
19.01.2018;0.18;1508.344
20.01.2018;0.19;1532.385
21.01.2018;0.19;1722.661
22.01.2018;0.20;1971.464
23.01.2018;0.20;2244.604
24.01.2018;0.20;2349.917
25.01.2018;0.20;2356.417
26.01.2018;0.20;2365.861
27.01.2018;0.20;2346.556
28.01.2018;0.20;2332.083
29.01.2018;0.20;2338.919
30.01.2018;0.20;2339.665
31.01.2018;0.20;2334.25
01.02.2018;0.20;2313.351
02.02.2018;0.20;2279.636
03.02.2018;0.20;2259.154
04.02.2018;0.20;2223.275
05.02.2018;0.20;2170.958
06.02.2018;0.20;2142.51
07.02.2018;0.20;2104.892
08.02.2018;0.20;2069.555
09.02.2018;0.20;2055.989
10.02.2018;0.20;2015.917
11.02.2018;0.20;1992.653
12.02.2018;0.20;1967.809
13.02.2018;0.20;1963.108
14.02.2018;0.19;1926.816
15.02.2018;0.19;1908.802
16.02.2018;0.19;1919.392
17.02.2018;0.19;1950.279
18.02.2018;0.20;1980.284
19.02.2018;0.19;1919.698
20.02.2018;0.19;1911.873
21.02.2018;0.19;1904.109
22.02.2018;0.19;1894.464
23.02.2018;0.19;1876.117
24.02.2018;0.19;1841.979
25.02.2018;0.19;1842.139
26.02.2018;0.19;1821.945
27.02.2018;0.19;1812.951
28.02.2018;0.19;1810.479
01.03.2018;0.19;1795.254
02.03.2018;0.19;1783.69
03.03.2018;0.19;1774.141
04.03.2018;0.19;1773.14
05.03.2018;0.19;1752.94
06.03.2018;0.19;1762.41
07.03.2018;0.19;1743.181
08.03.2018;0.19;1742.604
09.03.2018;0.19;1733.552
10.03.2018;0.19;1728.594
11.03.2018;0.19;1722.907
12.03.2018;0.19;1712.975
13.03.2018;0.19;1697.664
14.03.2018;0.19;1699.933
15.03.2018;0.19;1722
16.03.2018;0.19;1689.042
17.03.2018;0.19;1681.394
18.03.2018;0.19;1686.169
19.03.2018;0.19;1683.26
20.03.2018;0.19;1678.12
21.03.2018;0.19;1667.88
22.03.2018;0.19;1665.705
23.03.2018;0.19;1664.215
24.03.2018;0.19;1654.058
25.03.2018;0.19;1634.824
26.03.2018;0.19;1610.135
27.03.2018;0.19;1610.052
28.03.2018;0.19;1610.828
29.03.2018;0.19;1652.307
30.03.2018;0.19;1660.023
31.03.2018;0.19;1681.488
01.04.2018;0.19;1740.906
02.04.2018;0.19;1738.881
03.04.2018;0.19;1754.671
04.04.2018;0.19;1767.052
05.04.2018;0.19;1754.104
06.04.2018;0.19;1771.979
07.04.2018;0.19;1755.396
08.04.2018;0.19;1758.767
09.04.2018;0.19;1756.035
10.04.2018;0.19;1733.656
11.04.2018;0.19;1722.864
12.04.2018;0.19;1729.23
13.04.2018;0.19;1721.475
14.04.2018;0.19;1705.942
15.04.2018;0.19;1717.958
16.04.2018;0.19;1701.364
17.04.2018;0.19;1689.209
18.04.2018;0.19;1693.144
19.04.2018;0.19;1682.329
20.04.2018;0.19;1696.839
21.04.2018;0.19;1669.188
22.04.2018;0.19;1671.197
23.04.2018;0.19;1650.25
24.04.2018;0.19;1641.865
25.04.2018;0.19;1641.76
26.04.2018;0.19;1647.491
27.04.2018;0.19;1631.103
28.04.2018;0.19;1619.953
29.04.2018;0.19;1617.328
30.04.2018;0.19;1610.535
01.05.2018;0.19;1606.66
02.05.2018;0.19;1599.033
03.05.2018;0.19;1583.064
04.05.2018;0.19;1579.432
05.05.2018;0.19;1573.12
06.05.2018;0.19;1574.337
07.05.2018;0.19;1556.226
08.05.2018;0.19;1545.337
09.05.2018;0.19;1539.84
10.05.2018;0.19;1560.76
11.05.2018;0.19;1529.333
12.05.2018;0.19;1524.594
13.05.2018;0.19;1522.854
14.05.2018;0.18;1513.031
15.05.2018;0.19;1523.918
16.05.2018;0.19;1531.988
17.05.2018;0.19;1526.427
18.05.2018;0.19;1528.365
19.05.2018;0.19;1517.125
20.05.2018;0.19;1520.406
21.05.2018;0.18;1504.615
22.05.2018;0.19;1531.042
23.05.2018;0.19;1569.74
24.05.2018;0.19;1563.896
25.05.2018;0.19;1544.427
26.05.2018;0.19;1529.458
27.05.2018;0.18;1516.521
28.05.2018;0.18;1500.563
29.05.2018;0.18;1493.104
30.05.2018;0.18;1484.281
31.05.2018;0.18;1486.24
01.06.2018;0.18;1471.946
02.06.2018;0.18;1465.679
03.06.2018;0.18;1456.938
04.06.2018;0.18;1463.688
05.06.2018;0.18;1477.75
06.06.2018;0.18;1456.563
07.06.2018;0.18;1455.531
08.06.2018;0.18;1461.917
09.06.2018;0.19;1555.844
10.06.2018;0.19;1578.75
11.06.2018;0.19;1574.26
12.06.2018;0.19;1625.969
13.06.2018;0.19;1799.688
14.06.2018;0.19;1818.212
15.06.2018;0.19;1794.444
16.06.2018;0.19;1764.469
17.06.2018;0.19;1740.813
18.06.2018;0.19;1732.333
19.06.2018;0.19;1707.531
20.06.2018;0.19;1537.76
21.06.2018;0.18;1399.042
22.06.2018;0.18;1401.083
23.06.2018;0.18;1394.302
24.06.2018;0.18;1399.729
25.06.2018;0.18;1402.563
26.06.2018;0.18;1389.219
27.06.2018;0.18;1383.021
28.06.2018;0.18;1364.458
29.06.2018;0.18;1343.313
30.06.2018;0.18;1340.479
01.07.2018;0.18;1332
02.07.2018;0.18;1330.688
03.07.2018;0.18;1335.313
04.07.2018;0.18;1333.552
05.07.2018;0.18;1332.183
06.07.2018;0.18;1328.931
07.07.2018;0.18;1324
08.07.2018;0.18;1309.896
09.07.2018;0.18;1300.354
10.07.2018;0.18;1288.917
11.07.2018;0.18;1275.229
12.07.2018;0.18;1264.833
13.07.2018;0.18;1258.458
14.07.2018;0.18;1253.823
15.07.2018;0.18;1250.26
16.07.2018;0.18;1243.625
17.07.2018;0.18;1230.375
18.07.2018;0.18;1226.365
19.07.2018;0.18;1221.292
20.07.2018;0.18;1230
21.07.2018;0.18;1207.688
22.07.2018;0.18;1199.892
23.07.2018;0.18;1189.858
24.07.2018;0.18;1186.333
25.07.2018;0.18;1176.188
26.07.2018;0.18;1164.958
27.07.2018;0.18;1158.458
28.07.2018;0.17;1154.885
29.07.2018;0.17;1153.958
30.07.2018;0.17;1146
31.07.2018;0.17;1133.021
01.08.2018;0.17;1122.26
02.08.2018;0.17;1116.094
03.08.2018;0.17;1112.76
04.08.2018;0.17;1108.698
05.08.2018;0.17;1101.354
06.08.2018;0.17;1107.865
07.08.2018;0.17;1143.344
08.08.2018;0.17;1126.635
09.08.2018;0.17;1116.813
10.08.2018;0.17;1103.042
11.08.2018;0.17;1094.635
12.08.2018;0.17;1088.74
13.08.2018;0.17;1088.531
14.08.2018;0.17;1105.177
15.08.2018;0.17;1090.844
16.08.2018;0.17;1076.99
17.08.2018;0.17;1065.23
18.08.2018;0.17;1049.625
19.08.2018;0.17;1037.885
20.08.2018;0.17;1031.104
21.08.2018;0.17;1019.75
22.08.2018;0.17;1011.885
23.08.2018;0.17;1011.333
24.08.2018;0.17;1062.896
25.08.2018;0.17;1056.563
26.08.2018;0.17;1036.24
27.08.2018;0.17;1025.854
28.08.2018;0.17;1011.313
29.08.2018;0.17;1001.469
30.08.2018;0.17;998.656
31.08.2018;0.17;1044.323
01.09.2018;0.17;1043.365
02.09.2018;0.17;1015.448
03.09.2018;0.17;997.854
04.09.2018;0.17;997.031
05.09.2018;0.17;985.823
06.09.2018;0.17;977.229
07.09.2018;0.17;970.51
08.09.2018;0.17;965.708
09.09.2018;0.17;963.438
10.09.2018;0.17;958.958
11.09.2018;0.17;949.604
12.09.2018;0.17;939.354
13.09.2018;0.17;935.854
14.09.2018;0.17;932.583
15.09.2018;0.17;928.229
16.09.2018;0.17;926.458
17.09.2018;0.17;925.458
18.09.2018;0.17;925.75
19.09.2018;0.17;930.292
20.09.2018;0.17;929.792
21.09.2018;0.17;912.313
22.09.2018;0.17;902.802
23.09.2018;0.17;902.729
24.09.2018;0.17;912.75
25.09.2018;0.17;903.5
26.09.2018;0.17;898.833
27.09.2018;0.17;898.083
28.09.2018;0.17;897.208
29.09.2018;0.17;896.75
30.09.2018;0.17;890.635
01.10.2018;0.17;882.292
02.10.2018;0.17;873.781
03.10.2018;0.17;869.24
04.10.2018;0.17;868.583
05.10.2018;0.17;913.021
06.10.2018;0.17;930
07.10.2018;0.17;936.146
08.10.2018;0.17;914.208
09.10.2018;0.17;898.26
10.10.2018;0.17;896.167
11.10.2018;0.17;893.167
12.10.2018;0.17;883.552
13.10.2018;0.17;865.354
14.10.2018;0.17;852.917
15.10.2018;0.16;844.125
16.10.2018;0.16;840.542
17.10.2018;0.16;836.813
18.10.2018;0.16;837.092
19.10.2018;0.16;807.929
20.10.2018;0.16;826.156
21.10.2018;0.16;820.323
22.10.2018;0.16;812.511
23.10.2018;0.16;786.104
24.10.2018;0.16;806.729
25.10.2018;0.16;808.083
26.10.2018;0.16;798.344
27.10.2018;0.16;809.083
28.10.2018;0.17;858.781
29.10.2018;0.17;858.073
30.10.2018;0.16;838.833
31.10.2018;0.16;823.708
01.11.2018;0.16;807.042
02.11.2018;0.16;805.01
03.11.2018;0.16;797.667
04.11.2018;0.16;790.688
05.11.2018;0.16;795.897
06.11.2018;0.16;783.811
07.11.2018;0.16;775.465
08.11.2018;0.16;777.993
09.11.2018;0.16;774.729
10.11.2018;0.16;767.521
11.11.2018;0.16;762.792
12.11.2018;0.16;759.26
13.11.2018;0.16;756.198
14.11.2018;0.16;753.479
15.11.2018;0.16;748.896
16.11.2018;0.16;745.313
17.11.2018;0.16;742.427
18.11.2018;0.16;736.865
19.11.2018;0.16;738.542
20.11.2018;0.16;734.156
21.11.2018;0.16;730.104
22.11.2018;0.16;725.958
23.11.2018;0.16;726.688
24.11.2018;0.16;724.75
25.11.2018;0.16;721
26.11.2018;0.16;724.073
27.11.2018;0.16;740.125
28.11.2018;0.16;738.01
29.11.2018;0.16;725.031
30.11.2018;0.16;716.978
01.12.2018;0.16;720.449
02.12.2018;0.16;726.333
03.12.2018;0.16;815.5
04.12.2018;0.17;847.052
05.12.2018;0.17;848
06.12.2018;0.16;820.76
07.12.2018;0.16;796.677
08.12.2018;0.16;788.813
09.12.2018;0.16;804.375
10.12.2018;0.17;862.813
11.12.2018;0.17;872.25
12.12.2018;0.17;861.302
13.12.2018;0.17;851.104
14.12.2018;0.16;832.26
15.12.2018;0.16;822.604
16.12.2018;0.16;820.667
17.12.2018;0.16;810.667
18.12.2018;0.16;787.146
19.12.2018;0.16;808.073
20.12.2018;0.16;816.583
21.12.2018;0.16;826.146
22.12.2018;0.17;856.646
23.12.2018;0.17;874
24.12.2018;0.17;946.156
25.12.2018;0.17;1026.823
26.12.2018;0.17;1039.917
27.12.2018;0.17;1044.104
28.12.2018;0.17;1040.156
29.12.2018;0.17;1030.448
30.12.2018;0.17;1017.198
31.12.2018;0.17;1016.104
01.01.2019;0.17;1008.167
02.01.2019;0.17;1003.208
03.01.2019;0.17;993.292
04.01.2019;0.17;981.063
05.01.2019;0.17;970.448
06.01.2019;0.17;967.042
07.01.2019;0.17;961.021
08.01.2019;0.17;957.01
09.01.2019;0.17;956.979
10.01.2019;0.17;954.313
11.01.2019;0.17;943.375
12.01.2019;0.17;936.229
13.01.2019;0.17;975.323
14.01.2019;0.17;1016.896
15.01.2019;0.17;1039.594
16.01.2019;0.17;1044.646
17.01.2019;0.17;1033.656
18.01.2019;0.17;1025.635
19.01.2019;0.17;1022.875
20.01.2019;0.17;1019.052
21.01.2019;0.17;1008.917
22.01.2019;0.17;1004.417
23.01.2019;0.17;1012.615
24.01.2019;0.17;1002.26
25.01.2019;0.17;997.167
26.01.2019;0.17;995.958
27.01.2019;0.17;996.823
28.01.2019;0.17;1003.917
29.01.2019;0.17;997.625
30.01.2019;0.17;995.24
31.01.2019;0.17;993.792
01.02.2019;0.17;995.729
02.02.2019;0.17;1000.208
03.02.2019;0.17;1000.281
04.02.2019;0.17;1008.031
05.02.2019;0.17;1009.219
06.02.2019;0.17;1003.813
07.02.2019;0.17;999.708
08.02.2019;0.17;997.167
09.02.2019;0.17;1008.031
10.02.2019;0.17;1030.938
11.02.2019;0.17;1083.25
12.02.2019;0.17;1112.708
13.02.2019;0.17;1122.906
14.02.2019;0.17;1125.063
15.02.2019;0.17;1128.052
16.02.2019;0.17;1125.656
17.02.2019;0.17;1129.333
18.02.2019;0.17;1136.906
19.02.2019;0.17;1115.26
20.02.2019;0.17;1106.164
21.02.2019;0.17;1111.94
22.02.2019;0.17;1096.167
23.02.2019;0.17;1104.469
24.02.2019;0.17;1076.635
25.02.2019;0.17;1069.896
26.02.2019;0.17;1063.656
27.02.2019;0.17;1059.208
28.02.2019;0.17;1057.396
01.03.2019;0.17;1066.875
02.03.2019;0.17;1074.625
03.03.2019;0.17;1067.635
04.03.2019;0.17;1058.865
05.03.2019;0.17;1067.404
06.03.2019;0.17;1049.253
07.03.2019;0.17;1052.49
08.03.2019;0.17;1049.521
09.03.2019;0.17;1058.552
10.03.2019;0.17;1043.083
11.03.2019;0.17;1069.389
12.03.2019;0.17;1046.775
13.03.2019;0.17;1050.894
14.03.2019;0.17;1045.632
15.03.2019;0.17;1089.894
16.03.2019;0.17;1123.322
17.03.2019;0.17;1118
18.03.2019;0.17;1124.657
19.03.2019;0.17;1143.269
20.03.2019;0.17;1072.886
21.03.2019;0.17;1106.427
22.03.2019;0.17;1072.586
23.03.2019;0.17;1105.529
24.03.2019;0.17;1104.208
25.03.2019;0.17;1091.762
26.03.2019;0.17;1100.315
27.03.2019;0.17;1091.236
28.03.2019;0.17;1077.249
29.03.2019;0.17;1084.938
30.03.2019;0.17;1085.268
31.03.2019;0.17;1096.827
01.04.2019;0.17;1091.274
02.04.2019;0.17;1070.28
03.04.2019;0.17;1102.174
04.04.2019;0.17;1122.285
05.04.2019;0.17;1154.84
06.04.2019;0.17;1124.33
07.04.2019;0.17;1104.392
08.04.2019;0.17;1109.494
09.04.2019;0.17;1088.654
10.04.2019;0.17;1089.132
11.04.2019;0.17;1084.828
12.04.2019;0.17;1079.523
13.04.2019;0.17;1052.323
14.04.2019;0.17;1075.052
15.04.2019;0.17;1065.594
16.04.2019;0.17;1058.166
17.04.2019;0.17;1044.885
18.04.2019;0.17;1055.052
19.04.2019;0.17;1035.75
20.04.2019;0.17;1035.385
21.04.2019;0.17;1032.042
22.04.2019;0.17;1034.375
23.04.2019;0.17;1037.135
24.04.2019;0.17;1024.031
25.04.2019;0.17;1021.49
26.04.2019;0.17;1020.635
27.04.2019;0.17;1020.479
28.04.2019;0.17;1021.208
29.04.2019;0.17;1018.813
30.04.2019;0.17;1012.594
01.05.2019;0.17;1006.302
02.05.2019;0.17;1000.469
03.05.2019;0.17;1006.458
04.05.2019;0.17;1007.26
05.05.2019;0.17;1023.344
06.05.2019;0.17;1026
07.05.2019;0.17;1004.656
08.05.2019;0.17;1011.052
09.05.2019;0.17;1017.406
10.05.2019;0.17;1017.25
11.05.2019;0.17;1025.375
12.05.2019;0.17;1020.927
13.05.2019;0.17;1011.688
14.05.2019;0.17;1000.24
15.05.2019;0.17;994.833
16.05.2019;0.17;993.167
17.05.2019;0.17;990.063
18.05.2019;0.17;991.76
19.05.2019;0.17;1040.75
20.05.2019;0.17;1145.904
21.05.2019;0.18;1227.46
22.05.2019;0.18;1236.708
23.05.2019;0.18;1223.915
24.05.2019;0.18;1214.408
25.05.2019;0.18;1188.617
26.05.2019;0.18;1201.945
27.05.2019;0.18;1184.938
28.05.2019;0.18;1185.89
29.05.2019;0.18;1180.914
30.05.2019;0.18;1196.759
31.05.2019;0.18;1165.031
01.06.2019;0.17;1154.688
02.06.2019;0.17;1141.979
03.06.2019;0.17;1151.74
04.06.2019;0.17;1125.813
05.06.2019;0.17;1123.625
06.06.2019;0.17;1134.298
07.06.2019;0.17;1127.817
08.06.2019;0.17;1110.177
09.06.2019;0.17;1108.833
10.06.2019;0.18;1195.125
11.06.2019;0.18;1270.601
12.06.2019;0.18;1284.587
13.06.2019;0.18;1280.296
14.06.2019;0.18;1268.65
15.06.2019;0.18;1259.596
16.06.2019;0.18;1266.073
17.06.2019;0.18;1275.208
18.06.2019;0.18;1263.146
19.06.2019;0.18;1255.583
20.06.2019;0.18;1264.427
21.06.2019;0.18;1280.365
22.06.2019;0.18;1284.604
23.06.2019;0.18;1276.417
24.06.2019;0.18;1260.052
25.06.2019;0.18;1250.531
26.06.2019;0.18;1238.427
27.06.2019;0.18;1225.542
28.06.2019;0.18;1224.052
29.06.2019;0.18;1218.896
30.06.2019;0.18;1217.958
01.07.2019;0.18;1205.594
02.07.2019;0.18;1193.375
03.07.2019;0.18;1189
04.07.2019;0.18;1186.021
05.07.2019;0.18;1183.688
06.07.2019;0.18;1186.125
07.07.2019;0.18;1205.688
08.07.2019;0.18;1189.313
09.07.2019;0.18;1184.469
10.07.2019;0.18;1176.698
11.07.2019;0.18;1164.313
12.07.2019;0.17;1152.792
13.07.2019;0.17;1152.833
14.07.2019;0.17;1147.573
15.07.2019;0.17;1157.958
16.07.2019;0.17;1144.438
17.07.2019;0.17;1131.063
18.07.2019;0.17;1116.771
19.07.2019;0.17;1118.188
20.07.2019;0.17;1100.552
21.07.2019;0.17;1095.208
22.07.2019;0.17;1078.99
23.07.2019;0.17;1077.229
24.07.2019;0.17;1069.354
25.07.2019;0.17;1059.938
26.07.2019;0.17;1054.115
27.07.2019;0.17;1061.406
28.07.2019;0.17;1127.885
29.07.2019;0.17;1153.74
30.07.2019;0.17;1116.031
31.07.2019;0.17;1101.802
01.08.2019;0.17;1095.083
02.08.2019;0.17;1071.604
03.08.2019;0.17;1062.188
04.08.2019;0.17;1052.058
05.08.2019;0.17;1036.64
06.08.2019;0.17;1029.354
07.08.2019;0.17;1030.26
08.08.2019;0.17;1033.229
09.08.2019;0.17;1028.792
10.08.2019;0.17;1025.031
11.08.2019;0.17;1022.031
12.08.2019;0.17;1026.917
13.08.2019;0.17;1016.313
14.08.2019;0.17;1002.146
15.08.2019;0.17;993.031
16.08.2019;0.17;992.49
17.08.2019;0.17;984.281
18.08.2019;0.17;977.938
19.08.2019;0.17;993.042
20.08.2019;0.17;1016
21.08.2019;0.17;1055.542
22.08.2019;0.17;1034.406
23.08.2019;0.17;1017.094
24.08.2019;0.17;1000.719
25.08.2019;0.17;995.042
26.08.2019;0.17;986.729
27.08.2019;0.17;976.969
28.08.2019;0.17;968.458
29.08.2019;0.17;967.855
30.08.2019;0.17;970.625
31.08.2019;0.17;965.146
01.09.2019;0.17;960.521
02.09.2019;0.17;949.896
03.09.2019;0.17;933.75
04.09.2019;0.17;930.667
05.09.2019;0.17;927.885
06.09.2019;0.17;921.823
07.09.2019;0.17;915.573
08.09.2019;0.17;908.479
09.09.2019;0.17;903.021
10.09.2019;0.17;899.896
11.09.2019;0.17;898.583
12.09.2019;0.17;896.896
13.09.2019;0.17;892.688
14.09.2019;0.17;887.167
15.09.2019;0.17;883.531
16.09.2019;0.17;878.333
17.09.2019;0.17;874.25
18.09.2019;0.17;869.917
19.09.2019;0.17;874.427
20.09.2019;0.17;865.771
21.09.2019;0.17;865.125
22.09.2019;0.17;872.583
23.09.2019;0.17;896.292
24.09.2019;0.17;890.396
25.09.2019;0.17;886.865
26.09.2019;0.17;874.281
27.09.2019;0.17;864.26
28.09.2019;0.17;855.677
29.09.2019;0.17;860.448
30.09.2019;0.17;848.781
01.10.2019;0.17;844.708
02.10.2019;0.17;846.385
03.10.2019;0.17;847.208
04.10.2019;0.16;834.135
05.10.2019;0.16;837.979
06.10.2019;0.17;839.094
07.10.2019;0.16;835.271
08.10.2019;0.16;828.438
09.10.2019;0.16;826.135
10.10.2019;0.16;829.583
11.10.2019;0.16;824.417
12.10.2019;0.16;817.427
13.10.2019;0.16;808.875
14.10.2019;0.16;801.99
15.10.2019;0.16;800.667
16.10.2019;0.16;801.573
17.10.2019;0.16;792.979
18.10.2019;0.16;796.125
19.10.2019;0.17;885.604
20.10.2019;0.17;903.583
21.10.2019;0.17;878.865
22.10.2019;0.17;901.583
23.10.2019;0.17;886.969
24.10.2019;0.17;868.292
25.10.2019;0.17;848.625
26.10.2019;0.16;841.479
27.10.2019;0.16;830.771
28.10.2019;0.16;817.802
29.10.2019;0.16;814.885
30.10.2019;0.16;810.01
31.10.2019;0.16;805.219
01.11.2019;0.16;802.979
02.11.2019;0.16;819.635
03.11.2019;0.16;828.865
04.11.2019;0.16;827.75
05.11.2019;0.17;846.49
06.11.2019;0.17;849.271
07.11.2019;0.16;845.688
08.11.2019;0.16;838.073
09.11.2019;0.16;820.354
10.11.2019;0.16;813.865
11.11.2019;0.16;807.229
12.11.2019;0.16;796.604
13.11.2019;0.16;788.708
14.11.2019;0.16;786.104
15.11.2019;0.16;784.438
16.11.2019;0.16;780.01
17.11.2019;0.16;778.156
18.11.2019;0.16;799.198
19.11.2019;0.16;794.073
20.11.2019;0.16;786.458
21.11.2019;0.16;785.167
22.11.2019;0.16;781.833
23.11.2019;0.16;777.135
24.11.2019;0.16;763.917
25.11.2019;0.16;759.75
26.11.2019;0.16;757.094
27.11.2019;0.16;756.854
28.11.2019;0.16;756.208
29.11.2019;0.16;773.313
30.11.2019;0.16;812.667
01.12.2019;0.16;809.958
02.12.2019;0.16;794.385
03.12.2019;0.16;787.271
04.12.2019;0.16;785.625
05.12.2019;0.16;783.313
06.12.2019;0.16;777.25
07.12.2019;0.16;770.323
08.12.2019;0.16;763.365
09.12.2019;0.16;766.25
10.12.2019;0.16;780.958
11.12.2019;0.16;783.208
12.12.2019;0.16;784.979
13.12.2019;0.16;793.656
14.12.2019;0.16;807.719
15.12.2019;0.16;802.667
16.12.2019;0.16;794.177
17.12.2019;0.16;789.823
18.12.2019;0.16;786.313
19.12.2019;0.16;785.479
20.12.2019;0.16;787.042
21.12.2019;0.16;794.333
22.12.2019;0.16;806.677
23.12.2019;0.17;853.917
24.12.2019;0.17;913.365
25.12.2019;0.17;954.99
26.12.2019;0.17;969.833
27.12.2019;0.17;1002.51
28.12.2019;0.17;1029.115
29.12.2019;0.17;1034.148
30.12.2019;0.17;1028.144
31.12.2019;0.17;1024.969
01.01.2020;0.17;1020.125
02.01.2020;0.17;1006.313
03.01.2020;0.17;1006.667
04.01.2020;0.17;997.25
05.01.2020;0.17;987.417
06.01.2020;0.17;975.719
07.01.2020;0.17;970.167
08.01.2020;0.17;970.333
09.01.2020;0.17;964.375
10.01.2020;0.17;955.427
11.01.2020;0.17;952.729
12.01.2020;0.17;953.24
13.01.2020;0.17;943.073
14.01.2020;0.17;940.979
15.01.2020;0.17;930.208
16.01.2020;0.17;922.135
17.01.2020;0.17;924.021
18.01.2020;0.17;923.125
19.01.2020;0.17;919.938
20.01.2020;0.17;909.073
21.01.2020;0.17;903.99
22.01.2020;0.17;899.698
23.01.2020;0.17;898.958
24.01.2020;0.17;896.896
25.01.2020;0.17;892.938
26.01.2020;0.17;894.542
27.01.2020;0.17;887.802
28.01.2020;0.17;886.26
29.01.2020;0.17;899.625
30.01.2020;0.17;900.271
31.01.2020;0.17;895.771
01.02.2020;0.17;890.146
02.02.2020;0.17;888.854
03.02.2020;0.17;895.313
04.02.2020;0.17;934.927
05.02.2020;0.17;971.521
06.02.2020;0.17;974.885
07.02.2020;0.17;970.094
08.02.2020;0.17;965.271
09.02.2020;0.17;966.188
10.02.2020;0.17;956.521
11.02.2020;0.17;977.688
12.02.2020;0.17;1007.146
13.02.2020;0.17;1020.448
14.02.2020;0.17;1073.018
15.02.2020;0.17;1096.513
16.02.2020;0.17;1110.115
17.02.2020;0.17;1109.406
18.02.2020;0.17;1129.708
19.02.2020;0.17;1121.115
20.02.2020;0.17;1106.281
21.02.2020;0.17;1105.427
22.02.2020;0.17;1101.375
23.02.2020;0.17;1118.063
24.02.2020;0.17;1099.873
25.02.2020;0.17;1100.679
26.02.2020;0.17;1117.156
27.02.2020;0.17;1135.365
28.02.2020;0.17;1134.271
29.02.2020;0.17;1150.813
01.03.2020;0.18;1179.396
02.03.2020;0.18;1169.469
03.03.2020;0.18;1187.052
04.03.2020;0.18;1191.802
05.03.2020;0.18;1197.898
06.03.2020;0.18;1238.54
07.03.2020;0.18;1232.896
08.03.2020;0.18;1232.708
09.03.2020;0.18;1240.75
10.03.2020;0.18;1254.958
11.03.2020;0.18;1247.542
12.03.2020;0.18;1259.938
13.03.2020;0.18;1253.542
14.03.2020;0.18;1250.719
15.03.2020;0.18;1247.063
16.03.2020;0.18;1242.698
17.03.2020;0.18;1234.15
18.03.2020;0.18;1236.673
19.03.2020;0.18;1228.479
20.03.2020;0.18;1225.226
21.03.2020;0.18;1216.788
22.03.2020;0.18;1233.764
23.03.2020;0.18;1207.858
24.03.2020;0.18;1199.615
25.03.2020;0.18;1195.958
26.03.2020;0.18;1192.51
27.03.2020;0.18;1183.948
28.03.2020;0.18;1180.594
29.03.2020;0.18;1173.177
30.03.2020;0.18;1183.087
31.03.2020;0.18;1165.465
01.04.2020;0.17;1156.583
02.04.2020;0.17;1153.323
03.04.2020;0.18;1164.125
04.04.2020;0.17;1139.99
05.04.2020;0.18;1162.583
06.04.2020;0.17;1132
07.04.2020;0.17;1121.198
08.04.2020;0.17;1102.104
09.04.2020;0.17;1095.219
10.04.2020;0.17;1094.885
11.04.2020;0.17;1090.375
12.04.2020;0.17;1091.146
13.04.2020;0.17;1089.344
14.04.2020;0.17;1073.979
15.04.2020;0.17;1062.281
16.04.2020;0.17;1058.896
17.04.2020;0.17;1054.01
18.04.2020;0.17;1050.781
19.04.2020;0.17;1045.781
20.04.2020;0.17;1036.406
21.04.2020;0.17;1037.938
22.04.2020;0.17;1028.792
23.04.2020;0.17;1033.917
24.04.2020;0.17;1026.208
25.04.2020;0.17;1022.083
26.04.2020;0.17;1016.635
27.04.2020;0.17;1005.375
28.04.2020;0.17;1002.979
29.04.2020;0.17;1018.313
30.04.2020;0.17;1013.292
01.05.2020;0.17;1017.219
02.05.2020;0.17;1018.313
03.05.2020;0.17;1016.896
04.05.2020;0.17;1003.896
05.05.2020;0.17;1023.396
06.05.2020;0.17;1036.542
07.05.2020;0.17;1008.344
08.05.2020;0.17;999.75
09.05.2020;0.17;994.938
10.05.2020;0.17;988.665
11.05.2020;0.17;1003.043
12.05.2020;0.17;1024.729
13.05.2020;0.17;1013.729
14.05.2020;0.17;1036.396
15.05.2020;0.17;1025.063
16.05.2020;0.17;1005.344
17.05.2020;0.17;996.521
18.05.2020;0.17;983.167
19.05.2020;0.17;972.094
20.05.2020;0.17;967.729
21.05.2020;0.17;959.625
22.05.2020;0.17;950.396
23.05.2020;0.17;952.417
24.05.2020;0.17;962.313
25.05.2020;0.17;944.313
26.05.2020;0.17;938.365
27.05.2020;0.17;935.781
28.05.2020;0.17;930.438
29.05.2020;0.17;924.583
30.05.2020;0.17;916.844
31.05.2020;0.17;910.188
01.06.2020;0.17;903.958
02.06.2020;0.17;901.5
03.06.2020;0.17;900.125
04.06.2020;0.17;912.073
05.06.2020;0.17;902.031
06.06.2020;0.17;899.063
07.06.2020;0.17;905.25
08.06.2020;0.17;900.104
09.06.2020;0.17;911.823
10.06.2020;0.17;920.646
11.06.2020;0.17;919.313
12.06.2020;0.17;920.146
13.06.2020;0.17;926.313
14.06.2020;0.17;965.469
15.06.2020;0.17;950.938
16.06.2020;0.17;931.656
17.06.2020;0.17;964.302
18.06.2020;0.17;980.021
19.06.2020;0.17;969.719
20.06.2020;0.17;958.75
21.06.2020;0.17;938.604
22.06.2020;0.17;928.104
23.06.2020;0.17;923.542
24.06.2020;0.17;908.427
25.06.2020;0.17;900.083
26.06.2020;0.17;899.25
27.06.2020;0.17;897.896
28.06.2020;0.17;897.167
29.06.2020;0.17;909.625
30.06.2020;0.17;899.771
01.07.2020;0.17;895.771
02.07.2020;0.17;885.833
03.07.2020;0.17;875.302
04.07.2020;0.17;869.875
05.07.2020;0.17;868.25
06.07.2020;0.17;864.875
07.07.2020;0.17;861.208
08.07.2020;0.17;856.25
09.07.2020;0.17;850.375
10.07.2020;0.17;847.563
11.07.2020;0.16;844.146
12.07.2020;0.16;843.979
13.07.2020;0.16;844.042
14.07.2020;0.16;842.042
15.07.2020;0.16;839.438
16.07.2020;0.16;843.458
17.07.2020;0.16;842.042
18.07.2020;0.16;838.865
19.07.2020;0.16;835.167
20.07.2020;0.16;826.938
21.07.2020;0.16;821.104
22.07.2020;0.16;816.104
23.07.2020;0.16;814.021
24.07.2020;0.16;814.333
25.07.2020;0.16;810.479
26.07.2020;0.16;808.917
27.07.2020;0.16;800.479
28.07.2020;0.16;799.198
29.07.2020;0.16;794.198
30.07.2020;0.16;788.948
31.07.2020;0.16;787.458
01.08.2020;0.16;788.927
02.08.2020;0.16;800.063
03.08.2020;0.16;807.563
04.08.2020;0.16;802.771
05.08.2020;0.16;796.26
06.08.2020;0.16;784.24
07.08.2020;0.16;774.802
08.08.2020;0.16;769.49
09.08.2020;0.16;766.698
10.08.2020;0.16;767.729
11.08.2020;0.16;763.146
12.08.2020;0.16;761.167
13.08.2020;0.16;758.813
14.08.2020;0.16;755.906
15.08.2020;0.16;753.5
16.08.2020;0.16;747.854
17.08.2020;0.16;742.958
18.08.2020;0.16;741.5
19.08.2020;0.16;740.625
20.08.2020;0.16;736.667
21.08.2020;0.16;732.219
22.08.2020;0.16;730.344
23.08.2020;0.16;724.698
24.08.2020;0.16;716.979
25.08.2020;0.16;712.938
26.08.2020;0.16;709.26
27.08.2020;0.16;710.885
28.08.2020;0.16;712.385
29.08.2020;0.16;730.604
30.08.2020;0.16;766.396
31.08.2020;0.16;804.156
01.09.2020;0.16;782.198
02.09.2020;0.16;758.729
03.09.2020;0.16;746.708
04.09.2020;0.16;733.417
05.09.2020;0.16;731.604
06.09.2020;0.16;725.688
07.09.2020;0.16;713.313
08.09.2020;0.16;706.531
09.09.2020;0.16;704.271
10.09.2020;0.16;702.521
11.09.2020;0.16;701.271
12.09.2020;0.16;699.875
13.09.2020;0.16;696.313
14.09.2020;0.16;692.875
15.09.2020;0.16;687.688
16.09.2020;0.16;683.125
17.09.2020;0.16;681.167
18.09.2020;0.16;679.979
19.09.2020;0.16;678.5
20.09.2020;0.16;677.583
21.09.2020;0.16;678.25
22.09.2020;0.16;678.167
23.09.2020;0.16;681.271
24.09.2020;0.16;676.333
25.09.2020;0.16;677.271
26.09.2020;0.16;677.833
27.09.2020;0.16;679.042
28.09.2020;0.16;677.427
29.09.2020;0.16;683.552
30.09.2020;0.16;682.25
01.10.2020;0.16;678.792
02.10.2020;0.16;678.917
03.10.2020;0.16;694.771
04.10.2020;0.16;701.417
05.10.2020;0.16;692.25
06.10.2020;0.16;680.875
07.10.2020;0.16;679.729
08.10.2020;0.16;679.167
09.10.2020;0.16;677.771
10.10.2020;0.16;678.313
11.10.2020;0.16;677.021
12.10.2020;0.16;677.479
13.10.2020;0.16;677.208
14.10.2020;0.16;675.563
15.10.2020;0.16;674.188
16.10.2020;0.16;677.771
17.10.2020;0.16;677.729
18.10.2020;0.16;676.417
19.10.2020;0.16;673.083
20.10.2020;0.16;669.031
21.10.2020;0.16;659.802
22.10.2020;0.16;654.031
23.10.2020;0.16;676.927
24.10.2020;0.16;717.656
25.10.2020;0.16;717.156
26.10.2020;0.16;756
27.10.2020;0.16;775.854
28.10.2020;0.16;755.615
29.10.2020;0.16;738.333
30.10.2020;0.16;726.948
31.10.2020;0.16;707.229
01.11.2020;0.16;700.708
02.11.2020;0.16;690.896
03.11.2020;0.16;679.771
04.11.2020;0.16;677.083
05.11.2020;0.16;675.313
06.11.2020;0.16;669.417
07.11.2020;0.16;661.583
08.11.2020;0.16;653.26
09.11.2020;0.16;648.365
10.11.2020;0.16;646.865
11.11.2020;0.16;652.688
12.11.2020;0.16;648.229
13.11.2020;0.16;642.875
14.11.2020;0.16;638.667
15.11.2020;0.16;635
16.11.2020;0.16;632.292
17.11.2020;0.16;627.333
18.11.2020;0.16;625.667
19.11.2020;0.16;624.104
20.11.2020;0.16;761.477
21.11.2020;0.16;791.497
22.11.2020;0.16;744.641
23.11.2020;0.16;697.785
24.11.2020;0.16;645.038
25.11.2020;0.16;622.583
26.11.2020;0.16;620.333
27.11.2020;0.16;617.917
28.11.2020;0.16;616.458
29.11.2020;0.16;613
30.11.2020;0.16;608.917
01.12.2020;0.16;616.125
02.12.2020;0.16;619.25
03.12.2020;0.16;617.417
04.12.2020;0.16;619.25
05.12.2020;0.16;639.208
06.12.2020;0.16;648.833
07.12.2020;0.16;656.25
08.12.2020;0.16;652.958
09.12.2020;0.16;647.479
10.12.2020;0.16;645.521
11.12.2020;0.16;640.542
12.12.2020;0.16;633.625
13.12.2020;0.16;640.917
14.12.2020;0.16;641.583
15.12.2020;0.16;656.344
16.12.2020;0.16;649.792
17.12.2020;0.16;647.292
18.12.2020;0.16;646.417
19.12.2020;0.16;645.083
20.12.2020;0.16;638.5
21.12.2020;0.16;632.333
22.12.2020;0.16;638
23.12.2020;0.16;641.083
24.12.2020;0.16;645.083
25.12.2020;0.16;646.167
26.12.2020;0.16;647.25
27.12.2020;0.16;647.792
28.12.2020;0.16;654.333
29.12.2020;0.16;654.104
30.12.2020;0.16;652.563
31.12.2020;0.16;652.646
01.01.2021;0.16;670.385
02.01.2021;0.16;675.188
03.01.2021;0.16;676.354
04.01.2021;0.16;672.604
05.01.2021;0.16;667.719
06.01.2021;0.16;659.583
07.01.2021;0.16;654.333
08.01.2021;0.16;649.771
09.01.2021;0.16;646.771
10.01.2021;0.16;646.75
11.01.2021;0.16;646.021
12.01.2021;0.16;648.042
13.01.2021;0.16;675.573
14.01.2021;0.16;767.896
15.01.2021;0.17;945.635
16.01.2021;0.17;1020.219
17.01.2021;0.17;1017.25
18.01.2021;0.17;1002.406
19.01.2021;0.17;997.646
20.01.2021;0.17;993.135
21.01.2021;0.17;979.313
22.01.2021;0.17;982.5
23.01.2021;0.17;1005.49
24.01.2021;0.17;1014.042
25.01.2021;0.17;1016.729
26.01.2021;0.17;1020.271
27.01.2021;0.17;1020.688
28.01.2021;0.17;1065.583
29.01.2021;0.18;1165.333
30.01.2021;0.18;1324.729
31.01.2021;0.18;1479.125
01.02.2021;0.19;1549.927
02.02.2021;0.19;1557.792
03.02.2021;0.19;1551.875
04.02.2021;0.19;1549.684
05.02.2021;0.19;1552.636
06.02.2021;0.19;1558.524
07.02.2021;0.19;1546.719
08.02.2021;0.19;1526.021
09.02.2021;0.19;1520.938
10.02.2021;0.19;1509.847
11.02.2021;0.18;1486.706
12.02.2021;0.18;1474.926
13.02.2021;0.18;1465.464
14.02.2021;0.18;1450.493
15.02.2021;0.18;1426.547
16.02.2021;0.18;1434.507
17.02.2021;0.18;1405.847
18.02.2021;0.18;1401.611
19.02.2021;0.18;1368.481
20.02.2021;0.18;1394.353
21.02.2021;0.18;1381.22
22.02.2021;0.18;1359.42
23.02.2021;0.18;1307.796
24.02.2021;0.18;1309.49
25.02.2021;0.18;1328.084
26.02.2021;0.18;1280.364
27.02.2021;0.18;1317.365
28.02.2021;0.18;1269.895
01.03.2021;0.18;1245.844
02.03.2021;0.18;1237.708
03.03.2021;0.18;1223.843
04.03.2021;0.18;1218.834
05.03.2021;0.18;1216.207
06.03.2021;0.18;1190.188
07.03.2021;0.18;1229.254
08.03.2021;0.18;1228.687
09.03.2021;0.18;1157.537
10.03.2021;0.17;1149.667
11.03.2021;0.17;1145.023
12.03.2021;0.17;1154.82
13.03.2021;0.18;1164.601
14.03.2021;0.18;1201.973
15.03.2021;0.18;1236.75
16.03.2021;0.18;1265.198
17.03.2021;0.18;1280.656
18.03.2021;0.18;1267.956
19.03.2021;0.18;1305.46
20.03.2021;0.18;1315.509
21.03.2021;0.18;1359.98
22.03.2021;0.18;1248.522
23.03.2021;0.18;1271.292
24.03.2021;0.18;1250.133
25.03.2021;0.18;1241.658
26.03.2021;0.18;1242.613
27.03.2021;0.18;1239.106
28.03.2021;0.18;1250.418
29.03.2021;0.18;1220.205
30.03.2021;0.18;1215.458
31.03.2021;0.18;1216.083
01.04.2021;0.18;1234.816
02.04.2021;0.18;1245.043
03.04.2021;0.18;1225.505
04.04.2021;0.18;1247.198
05.04.2021;0.18;1206.869
06.04.2021;0.18;1209.423
07.04.2021;0.18;1192.083
08.04.2021;0.18;1190.242
09.04.2021;0.18;1191.008
10.04.2021;0.18;1249.781
11.04.2021;0.18;1174.885
12.04.2021;0.18;1213.719
13.04.2021;0.18;1224.281
14.04.2021;0.18;1183.646
15.04.2021;0.18;1200.574
16.04.2021;0.18;1174.499
17.04.2021;0.18;1205.708
18.04.2021;0.18;1184.787
19.04.2021;0.18;1248.246
20.04.2021;0.17;1142.123
21.04.2021;0.18;1123.292
22.04.2021;0.17;1117.688
23.04.2021;0.17;1113.021
24.04.2021;0.17;1109.656
25.04.2021;0.17;1102.135
26.04.2021;0.17;1100.135
27.04.2021;0.17;1092.813
28.04.2021;0.17;1094.771
29.04.2021;0.17;1085.792
30.04.2021;0.17;1089.823
01.05.2021;0.17;1122.906
02.05.2021;0.18;1171.333
03.05.2021;0.17;1150.063
04.05.2021;0.17;1127.573
05.05.2021;0.17;1137.656
06.05.2021;0.17;1106.573
07.05.2021;0.17;1143.333
08.05.2021;0.17;1153.823
09.05.2021;0.17;1131.708
10.05.2021;0.17;1144.75
11.05.2021;0.18;1175
12.05.2021;0.18;1219.115
13.05.2021;0.18;1223.656
14.05.2021;0.18;1205.217
15.05.2021;0.18;1200.647
16.05.2021;0.18;1212.776
17.05.2021;0.18;1289.818
18.05.2021;0.18;1338.146
19.05.2021;0.18;1398.239
20.05.2021;0.18;1399.644
21.05.2021;0.18;1425.434
22.05.2021;0.18;1500.069
23.05.2021;0.19;1532.457
24.05.2021;0.19;1524.745
25.05.2021;0.19;1525.162
26.05.2021;0.19;1518.396
27.05.2021;0.19;1520.094
28.05.2021;0.18;1505.155
29.05.2021;0.19;1498.762
30.05.2021;0.19;1491.824
31.05.2021;0.18;1488.29
01.06.2021;0.18;1473.192
02.06.2021;0.18;1485.492
03.06.2021;0.18;1469.679
04.06.2021;0.18;1485.085
05.06.2021;0.18;1481.177
06.06.2021;0.18;1501.925
07.06.2021;0.19;1506.303
08.06.2021;0.18;1504.527
09.06.2021;0.19;1514.994
10.06.2021;0.18;1506.979
11.06.2021;0.18;1485.625
12.06.2021;0.18;1477.875
13.06.2021;0.18;1468.052
14.06.2021;0.18;1454.958
15.06.2021;0.18;1448.25
16.06.2021;0.18;1443.021
17.06.2021;0.18;1436.885
18.06.2021;0.18;1420.594
19.06.2021;0.18;1425.875
20.06.2021;0.18;1427.76
21.06.2021;0.18;1440.906
22.06.2021;0.18;1532.302
23.06.2021;0.20;1721.863
24.06.2021;0.20;1774.142
25.06.2021;0.19;1751.693
26.06.2021;0.20;1719.292
27.06.2021;0.20;1674.295
28.06.2021;0.20;1641.634
29.06.2021;0.20;1678.292
30.06.2021;0.20;1764.581
01.07.2021;0.20;1793.785
02.07.2021;0.20;1765.506
03.07.2021;0.20;1801.906
04.07.2021;0.20;1833.81
05.07.2021;0.21;1860.743
06.07.2021;0.21;1862.718
07.07.2021;0.20;1868.777
08.07.2021;0.20;1904.902
09.07.2021;0.20;1939.905
10.07.2021;0.21;2030.783
11.07.2021;0.21;2274.06
12.07.2021;0.21;2305.3
13.07.2021;0.22;2441.167
14.07.2021;0.22;2619.839
15.07.2021;0.22;2986.132
16.07.2021;0.22;3233.715
17.07.2021;0.23;3497.498
18.07.2021;0.23;3652.353
19.07.2021;0.23;3751.557
20.07.2021;0.23;3714.115
21.07.2021;0.23;3721.733
22.07.2021;0.23;3743.986
23.07.2021;0.23;4710.969
24.07.2021;0.23;4761.063
25.07.2021;0.23;5003.646
26.07.2021;0.23;4528.083
27.07.2021;0.23;3901.896
28.07.2021;0.23;3857.729
29.07.2021;0.23;3782.375
30.07.2021;0.23;3701.146
31.07.2021;0.23;3641.354
01.08.2021;0.23;3590.063
02.08.2021;0.23;3542.531
03.08.2021;0.23;3485.448
04.08.2021;0.23;3493.76
05.08.2021;0.23;3507.865
06.08.2021;0.23;3481.542
07.08.2021;0.23;3476.979
08.08.2021;0.23;3470.979
09.08.2021;0.22;3411.406
10.08.2021;0.22;3369.938
11.08.2021;0.22;3352.479
12.08.2021;0.22;3317.979
13.08.2021;0.22;3243.583
14.08.2021;0.22;3204.646
15.08.2021;0.22;3167.313
16.08.2021;0.22;3125.073
17.08.2021;0.22;3072.188
18.08.2021;0.22;3026.344
19.08.2021;0.22;2983.708
20.08.2021;0.22;2955.208
21.08.2021;0.22;2950.49
22.08.2021;0.22;2919.135
23.08.2021;0.21;2863.208
24.08.2021;0.21;2823.573
25.08.2021;0.21;2781.208
26.08.2021;0.21;2766.51
27.08.2021;0.21;2737.333
28.08.2021;0.21;2707.458
29.08.2021;0.21;2681.49
30.08.2021;0.21;2646.063
31.08.2021;0.21;2612.813
01.09.2021;0.21;2584.688
02.09.2021;0.21;2558.583
03.09.2021;0.21;2541
04.09.2021;0.21;2520.75
05.09.2021;0.21;2499.5
06.09.2021;0.21;2474.583
07.09.2021;0.21;2459
08.09.2021;0.21;2443.5
09.09.2021;0.21;2429.083
10.09.2021;0.21;2427.25
11.09.2021;0.21;2408
12.09.2021;0.20;2385.75
13.09.2021;0.20;2363.917
14.09.2021;0.20;2337.333
15.09.2021;0.20;2325.25
16.09.2021;0.20;2322
17.09.2021;0.20;2308.25
18.09.2021;0.20;2295.083
19.09.2021;0.20;2297.917
20.09.2021;0.20;2304.667
21.09.2021;0.20;2274.833
22.09.2021;0.20;2263.5
23.09.2021;0.20;2245.542
24.09.2021;0.20;2232.521
25.09.2021;0.20;2214.813
26.09.2021;0.20;2212.083
27.09.2021;0.20;2199.208
28.09.2021;0.20;2190.042
29.09.2021;0.20;2178.99
30.09.2021;0.20;2163.625
01.10.2021;0.20;2159.188
02.10.2021;0.20;2154.833
03.10.2021;0.20;2149.042
04.10.2021;0.20;2158.938
05.10.2021;0.20;2157.823
06.10.2021;0.20;2144.531
07.10.2021;0.20;2149.354
08.10.2021;0.20;2136.042
09.10.2021;0.20;2113.583
10.10.2021;0.20;2102.458
11.10.2021;0.20;2088.844
12.10.2021;0.20;2086.268
13.10.2021;0.20;2077.503
14.10.2021;0.20;2066.516
15.10.2021;0.20;2060.366
16.10.2021;0.20;2046.514
17.10.2021;0.20;2038.408
18.10.2021;0.20;2026.909
19.10.2021;0.20;2016.748
20.10.2021;0.20;2015.277
21.10.2021;0.20;2009.757
22.10.2021;0.20;1993.445
23.10.2021;0.20;1982.158
24.10.2021;0.20;1975.18
25.10.2021;0.20;1966.905
26.10.2021;0.20;1957.615
27.10.2021;0.20;1943.396
28.10.2021;0.20;1939.188
29.10.2021;0.20;1933.177
30.10.2021;0.19;1922.217
31.10.2021;0.19;1912.43
01.11.2021;0.19;1925.973
02.11.2021;0.19;1917.854
03.11.2021;0.19;1903.208
04.11.2021;0.19;1892.688
05.11.2021;0.19;1878.198
06.11.2021;0.19;1862.01
07.11.2021;0.19;1851.25
08.11.2021;0.19;1843.938
09.11.2021;0.19;1834.229
10.11.2021;0.19;1820.292
11.11.2021;0.19;1809.115
12.11.2021;0.19;1801.167
13.11.2021;0.19;1794.094
14.11.2021;0.19;1799.271
15.11.2021;0.19;1789.063
16.11.2021;0.19;1773.188
17.11.2021;0.19;1760.708
18.11.2021;0.19;1749.49
19.11.2021;0.19;1735.838
20.11.2021;0.19;1728.335
21.11.2021;0.19;1730.979
22.11.2021;0.19;1711.781
23.11.2021;0.19;1703.939
24.11.2021;0.19;1692.124
25.11.2021;0.19;1693.292
26.11.2021;0.19;1682.262
27.11.2021;0.19;1680.001
28.11.2021;0.19;1664.1
29.11.2021;0.19;1653.246
30.11.2021;0.19;1650.987
01.12.2021;0.19;1644.51
02.12.2021;0.19;1662.331
03.12.2021;0.19;1651.219
04.12.2021;0.19;1720.988
05.12.2021;0.19;1804.667
06.12.2021;0.19;1778.599
07.12.2021;0.19;1757.833
08.12.2021;0.19;1745.611
09.12.2021;0.19;1743.391
10.12.2021;0.19;1761.635
11.12.2021;0.19;1790.885
12.12.2021;0.19;1812.135
13.12.2021;0.19;1793.073
14.12.2021;0.19;1781.542
15.12.2021;0.19;1768.531
16.12.2021;0.19;1755.281
17.12.2021;0.19;1742.271
18.12.2021;0.19;1733.071
19.12.2021;0.19;1707.632
20.12.2021;0.19;1706.55
21.12.2021;0.19;1692.29
22.12.2021;0.19;1677.884
23.12.2021;0.19;1670.098
24.12.2021;0.19;1669.283
25.12.2021;0.19;1673.413
26.12.2021;0.19;1723.195
27.12.2021;0.19;1759.164
28.12.2021;0.19;1778.708
29.12.2021;0.19;1789.985
30.12.2021;0.19;1865.296
31.12.2021;0.20;1919.838
01.01.2022;0.20;1922.798
02.01.2022;0.20;1924.875
03.01.2022;0.20;1919.74
04.01.2022;0.19;1916.854
05.01.2022;0.19;1920.833
06.01.2022;0.19;1907.854
07.01.2022;0.19;1892.865
08.01.2022;0.19;1884.458
09.01.2022;0.19;1911.823
10.01.2022;0.20;1938.646
11.01.2022;0.20;1961.635
12.01.2022;0.20;1945.865
13.01.2022;0.19;1900.292
14.01.2022;0.19;1873.923
15.01.2022;0.19;1865.802
16.01.2022;0.19;1850.219
17.01.2022;0.19;1836.841
18.01.2022;0.19;1832.901
19.01.2022;0.19;1816.972
20.01.2022;0.19;1811.906
21.01.2022;0.19;1794.552
22.01.2022;0.19;1786.708
23.01.2022;0.19;1779.198
24.01.2022;0.19;1760.615
25.01.2022;0.19;1758
26.01.2022;0.19;1753.106
27.01.2022;0.19;1748.651
28.01.2022;0.19;1732.313
29.01.2022;0.19;1755.163
30.01.2022;0.19;1758
31.01.2022;0.19;1758
01.02.2022;0.19;1758
02.02.2022;0.19;1758
03.02.2022;0.19;1758
04.02.2022;0.19;1731.172
05.02.2022;0.19;1700.927
06.02.2022;0.19;1721.438
07.02.2022;0.19;1758
08.02.2022;0.19;1747.854
09.02.2022;0.19;1722
10.02.2022;0.19;1722
11.02.2022;0.19;1722
12.02.2022;0.19;1722
13.02.2022;0.19;1722
14.02.2022;0.19;1722
15.02.2022;0.19;1734.573
16.02.2022;0.19;1729.458
17.02.2022;0.19;1720.677
18.02.2022;0.19;1725.668
19.02.2022;0.19;1730.342
20.02.2022;0.19;1730.938
21.02.2022;0.19;1734.74
22.02.2022;0.19;1731.76
23.02.2022;0.19;1734.24
24.02.2022;0.19;1736.219
25.02.2022;0.19;1731.872
26.02.2022;0.19;1724.712
27.02.2022;0.19;1715.396
28.02.2022;0.19;1708.688
01.03.2022;0.19;1698.188
02.03.2022;0.19;1711.082
03.03.2022;0.19;1694.603
04.03.2022;0.19;1687.949
05.03.2022;0.19;1684.083
06.03.2022;0.19;1675.387
07.03.2022;0.19;1675.561
08.03.2022;0.19;1669.046
09.03.2022;0.19;1649.766
10.03.2022;0.19;1643.031
11.03.2022;0.19;1637.752
12.03.2022;0.19;1641.248
13.03.2022;0.19;1633.26
14.03.2022;0.19;1638.375
15.03.2022;0.19;1609.708
16.03.2022;0.19;1628.385
17.03.2022;0.19;1588.292
18.03.2022;0.19;1582.104
19.03.2022;0.19;1581.156
20.03.2022;0.19;1567.948
21.03.2022;0.19;1564.177
22.03.2022;0.19;1566.531
23.03.2022;0.19;1545.594
24.03.2022;0.19;1539.74
25.03.2022;0.19;1530.188
26.03.2022;0.19;1540.083
27.03.2022;0.19;1528.021
28.03.2022;0.18;1509.891
29.03.2022;0.18;1512.609
30.03.2022;0.18;1505.74
31.03.2022;0.19;1530.021
01.04.2022;0.19;1520.344
02.04.2022;0.19;1531.693
03.04.2022;0.19;1527.112
04.04.2022;0.19;1516.424
05.04.2022;0.18;1502.927
06.04.2022;0.18;1494.048
07.04.2022;0.18;1493.369
08.04.2022;0.18;1503.49
09.04.2022;0.19;1521.135
10.04.2022;0.18;1512.301
11.04.2022;0.18;1506.038
12.04.2022;0.18;1489.953
13.04.2022;0.18;1485.125
14.04.2022;0.18;1468
15.04.2022;0.18;1468.573
16.04.2022;0.18;1465.292
17.04.2022;0.18;1445.758
18.04.2022;0.18;1446.013
19.04.2022;0.18;1432.525
20.04.2022;0.18;1425.621
21.04.2022;0.18;1422.493
22.04.2022;0.18;1428.257
23.04.2022;0.18;1414.458
24.04.2022;0.18;1441.275
25.04.2022;0.18;1484.802
26.04.2022;0.19;1580.911
27.04.2022;0.19;1570.491
28.04.2022;0.19;1542.138
29.04.2022;0.19;1554.82
30.04.2022;0.19;1490.854
01.05.2022;0.18;1485.727
02.05.2022;0.18;1508.595
03.05.2022;0.18;1469.991
04.05.2022;0.18;1480.794
05.05.2022;0.18;1482.116
06.05.2022;0.18;1466.09
07.05.2022;0.18;1479.83
08.05.2022;0.18;1498.788
09.05.2022;0.18;1445.778
10.05.2022;0.18;1467.045
11.05.2022;0.18;1482.684
12.05.2022;0.18;1444.063
13.05.2022;0.18;1453.755
14.05.2022;0.18;1475.536
15.05.2022;0.18;1446.994
16.05.2022;0.18;1455.926
17.05.2022;0.18;1437.071
18.05.2022;0.18;1432.165
19.05.2022;0.18;1432.493
20.05.2022;0.18;1427.355
21.05.2022;0.18;1453.482
22.05.2022;0.18;1433.361
23.05.2022;0.18;1490.392
24.05.2022;0.18;1439.897
25.05.2022;0.18;1420.368
26.05.2022;0.18;1404.583
27.05.2022;0.18;1405.405
28.05.2022;0.18;1411.295
29.05.2022;0.18;1438.971
30.05.2022;0.18;1417.408
31.05.2022;0.18;1399.497
01.06.2022;0.18;1389.784
02.06.2022;0.18;1401.855
03.06.2022;0.18;1365.445
04.06.2022;0.18;1383.604
05.06.2022;0.18;1396.071
06.06.2022;0.18;1430.744
07.06.2022;0.18;1403.048
08.06.2022;0.18;1375.181
09.06.2022;0.18;1353.373
10.06.2022;0.18;1342.606
11.06.2022;0.18;1351.813
12.06.2022;0.18;1334.064
13.06.2022;0.18;1341.311
14.06.2022;0.18;1332
15.06.2022;0.18;1319.375
16.06.2022;0.18;1320.015
17.06.2022;0.18;1322.235
18.06.2022;0.18;1312.688
19.06.2022;0.18;1304.563
20.06.2022;0.18;1309.375
21.06.2022;0.18;1305.563
22.06.2022;0.18;1315.625
23.06.2022;0.18;1328.082
24.06.2022;0.18;1352.98
25.06.2022;0.18;1354.027
26.06.2022;0.18;1344.098
27.06.2022;0.18;1326.813
28.06.2022;0.18;1324.739
29.06.2022;0.18;1309.198
30.06.2022;0.18;1320.469
01.07.2022;0.18;1330.616
02.07.2022;0.18;1313.228
03.07.2022;0.18;1298.063
04.07.2022;0.18;1306.544
05.07.2022;0.18;1301.394
06.07.2022;0.18;1294.375
07.07.2022;0.18;1292.563
08.07.2022;0.18;1288.457
09.07.2022;0.18;1276.417
10.07.2022;0.18;1268.484
11.07.2022;0.18;1247.172
12.07.2022;0.18;1254.375
13.07.2022;0.18;1250.875
14.07.2022;0.18;1243.021
15.07.2022;0.18;1241.969
16.07.2022;0.18;1245.51
17.07.2022;0.18;1232.656
18.07.2022;0.18;1239.031
19.07.2022;0.18;1216.677
20.07.2022;0.18;1216.971
21.07.2022;0.18;1244.371
22.07.2022;0.18;1242.397
23.07.2022;0.18;1240.802
24.07.2022;0.18;1244.454
25.07.2022;0.18;1250.255
26.07.2022;0.18;1216.396
27.07.2022;0.18;1203.719
28.07.2022;0.18;1200.979
29.07.2022;0.18;1190.417
30.07.2022;0.18;1202.01
31.07.2022;0.18;1179.563
01.08.2022;0.18;1173.427
02.08.2022;0.17;1141.333
03.08.2022;0.17;1149.375
04.08.2022;0.17;1142.969
05.08.2022;0.17;1133.542
06.08.2022;0.17;1138.583
07.08.2022;0.17;1131.76
08.08.2022;0.17;1132.208
09.08.2022;0.17;1128.5
10.08.2022;0.17;1116.229
11.08.2022;0.17;1111.531
12.08.2022;0.17;1099.344
13.08.2022;0.17;1121.063
14.08.2022;0.17;1094.073
15.08.2022;0.17;1121.604
16.08.2022;0.17;1080.958
17.08.2022;0.17;1102.76
18.08.2022;0.17;1148.563
19.08.2022;0.18;1169.125
20.08.2022;0.18;1202.531
21.08.2022;0.18;1199.417
22.08.2022;0.18;1161.042
23.08.2022;0.17;1134.792
24.08.2022;0.17;1111.51
25.08.2022;0.17;1116.813
26.08.2022;0.17;1095.719
27.08.2022;0.17;1097.573
28.08.2022;0.17;1083.135
29.08.2022;0.17;1088.99
30.08.2022;0.17;1078.323
31.08.2022;0.17;1096.906
01.09.2022;0.17;1054.74
02.09.2022;0.17;1053.49
03.09.2022;0.17;1058.727
04.09.2022;0.17;1071.585
05.09.2022;0.17;1079.693
06.09.2022;0.17;1047.536
07.09.2022;0.17;1039.719
08.09.2022;0.17;1098.094
09.09.2022;0.17;1093.802
10.09.2022;0.17;1078.385
11.09.2022;0.17;1068.844
12.09.2022;0.17;1035.917
13.09.2022;0.17;1046.635
14.09.2022;0.17;1033.875
15.09.2022;0.17;1044.292
16.09.2022;0.17;1069.865
17.09.2022;0.17;1081.313
18.09.2022;0.17;1052.337
19.09.2022;0.17;1031.288
20.09.2022;0.17;1039.823
21.09.2022;0.17;1009.354
22.09.2022;0.17;1015.584
23.09.2022;0.17;1003.937
24.09.2022;0.17;1058.804
25.09.2022;0.17;1080.92
26.09.2022;0.17;1011.932
27.09.2022;0.17;1037.771
28.09.2022;0.17;1090.208
29.09.2022;0.17;1123.521
30.09.2022;0.17;1149.125
01.10.2022;0.17;1148.038
02.10.2022;0.18;1163.618
03.10.2022;0.18;1180.823
04.10.2022;0.17;1136.777
05.10.2022;0.17;1165.681
06.10.2022;0.17;1106.702
07.10.2022;0.17;1106.204
08.10.2022;0.17;1075.385
09.10.2022;0.17;1063.128
10.10.2022;0.17;1062.127
11.10.2022;0.17;1037.96
12.10.2022;0.17;1057.067
13.10.2022;0.17;1063.118
14.10.2022;0.17;1097.288
15.10.2022;0.17;1040.856
16.10.2022;0.17;1046.783
17.10.2022;0.17;1025.842
18.10.2022;0.17;1044.67
19.10.2022;0.17;1006.963
20.10.2022;0.17;1011.374
21.10.2022;0.17;1018.849
22.10.2022;0.17;1061.132
23.10.2022;0.17;1058.484
24.10.2022;0.17;1020.86
25.10.2022;0.17;1046.326
26.10.2022;0.17;1105.497
27.10.2022;0.17;1027.5
28.10.2022;0.17;1033.542
29.10.2022;0.17;1017.818
30.10.2022;0.17;1050.379
31.10.2022;0.17;1004.838
01.11.2022;0.17;1033.169
02.11.2022;0.17;1061.873
03.11.2022;0.17;1051.671
04.11.2022;0.17;1003.22
05.11.2022;0.17;1084.021
06.11.2022;0.17;990.142
07.11.2022;0.17;979.295
08.11.2022;0.17;987.375
09.11.2022;0.17;999.84
10.11.2022;0.17;1023.559
11.11.2022;0.17;1020.06
12.11.2022;0.17;1029.006
13.11.2022;0.17;1011.143
14.11.2022;0.17;980.598
15.11.2022;0.17;988.752
16.11.2022;0.17;1047.109
17.11.2022;0.17;1049.588
18.11.2022;0.17;1037.341
19.11.2022;0.17;1054.556
20.11.2022;0.17;1102.124
21.11.2022;0.17;1101.46
22.11.2022;0.17;1058.197
23.11.2022;0.17;1052.27
24.11.2022;0.17;1062.452
25.11.2022;0.17;1083.282
26.11.2022;0.17;1076.715
27.11.2022;0.17;1036.969
28.11.2022;0.17;1065.336
29.11.2022;0.17;1036.536
30.11.2022;0.17;1036.763
01.12.2022;0.17;1048.315
02.12.2022;0.18;1088.937
03.12.2022;0.18;1106.991
04.12.2022;0.17;1072.48
05.12.2022;0.17;1027.954
06.12.2022;0.17;1021.397
07.12.2022;0.17;1036.519
08.12.2022;0.17;1088.583
09.12.2022;0.17;1016.521
10.12.2022;0.17;1059.62
11.12.2022;0.17;1032.047
12.12.2022;0.17;1006.404
13.12.2022;0.17;985.848
14.12.2022;0.18;1009.385
15.12.2022;0.17;1072.279
16.12.2022;0.17;1041.087
17.12.2022;0.17;1059.85
18.12.2022;0.18;1088.919
19.12.2022;0.17;1111.071
20.12.2022;0.18;1029.366
21.12.2022;0.17;1080.763
22.12.2022;0.17;1090.748
23.12.2022;0.17;1077.302
24.12.2022;0.17;1095.815
25.12.2022;0.17;1111.278
26.12.2022;0.18;1092.639
27.12.2022;0.18;1134.996
28.12.2022;0.18;1159.454
29.12.2022;0.18;1197.872
30.12.2022;0.18;1198.563
31.12.2022;0.18;1190.271
01.01.2023;0.18;1174.132
02.01.2023;0.18;1153.25
03.01.2023;0.18;1166.293
04.01.2023;0.18;1160.231
05.01.2023;0.17;1140.955
06.01.2023;0.18;1139.401
07.01.2023;0.18;1134.688
08.01.2023;0.18;1177.503
09.01.2023;0.18;1198.124
10.01.2023;0.18;1223.722
11.01.2023;0.18;1220.821
12.01.2023;0.18;1231.042
13.01.2023;0.18;1227.819
14.01.2023;0.18;1245.982
15.01.2023;0.18;1226.724
16.01.2023;0.18;1257.825
17.01.2023;0.18;1261.89
18.01.2023;0.18;1268.874
19.01.2023;0.18;1257.6
20.01.2023;0.18;1252.799
21.01.2023;0.18;1245.827
22.01.2023;0.18;1243.188
23.01.2023;0.18;1278.991
24.01.2023;0.18;1256.409
25.01.2023;0.18;1272.657
26.01.2023;0.18;1237.394
27.01.2023;0.18;1238.176
28.01.2023;0.18;1240.076
29.01.2023;0.18;1231.625
30.01.2023;0.18;1219.193
31.01.2023;0.18;1206.15
01.02.2023;0.18;1208.948
02.02.2023;0.18;1209.582
03.02.2023;0.18;1240.125
04.02.2023;0.18;1222.773
05.02.2023;0.18;1235.539
06.02.2023;0.18;1203.066
07.02.2023;0.18;1183.413
08.02.2023;0.18;1179.066
09.02.2023;0.18;1180.608
10.02.2023;0.18;1187.76
11.02.2023;0.18;1226.449
12.02.2023;0.18;1171.49
13.02.2023;0.18;1138.811
14.02.2023;0.17;1153.094
15.02.2023;0.18;1186.088
16.02.2023;0.18;1154.01
17.02.2023;0.18;1163.305
18.02.2023;0.18;1168.584
19.02.2023;0.17;1114.568
20.02.2023;0.18;1135.606
21.02.2023;0.18;1100.393
22.02.2023;0.17;1106.454
23.02.2023;0.17;1100.156
24.02.2023;0.18;1093.879
25.02.2023;0.18;1086.331
26.02.2023;0.17;1149.272
27.02.2023;0.17;1105.011
28.02.2023;0.18;1071.924
01.03.2023;0.18;1065.458
02.03.2023;0.18;1077.795
03.03.2023;0.18;1095.697
04.03.2023;0.17;1089.627
05.03.2023;0.17;1052.63
06.03.2023;0.17;1094.373
07.03.2023;0.17;1053.697
08.03.2023;0.17;1044.325
09.03.2023;0.17;1060.87
10.03.2023;0.18;1072.129
11.03.2023;0.18;1063.681
12.03.2023;0.17;1079.258
13.03.2023;0.17;1084.342
14.03.2023;0.17;1103.796
15.03.2023;0.17;1090.267
16.03.2023;0.17;1097.673
17.03.2023;0.18;1087.071
18.03.2023;0.18;1091.838
19.03.2023;0.18;1071.307
20.03.2023;0.17;1076.001
21.03.2023;0.17;1058.033
22.03.2023;0.17;1114.076
23.03.2023;0.18;1065.661
24.03.2023;0.18;1061.527
25.03.2023;0.18;1113.129
26.03.2023;0.17;1082.262
27.03.2023;0.18;1107.216
28.03.2023;0.17;1110.734
29.03.2023;0.17;1122.702
30.03.2023;0.17;1119.847
31.03.2023;0.17;1104.267
01.04.2023;0.17;1121.165
02.04.2023;0.18;1143.128
03.04.2023;0.18;1127.313
04.04.2023;0.17;1149.826
05.04.2023;0.17;1132.111
06.04.2023;0.17;1144.011
07.04.2023;0.18;1173.281
08.04.2023;0.18;1146.084
09.04.2023;0.18;1185.032
10.04.2023;0.18;1124.372
11.04.2023;0.18;1167.979
12.04.2023;0.18;1156.333
13.04.2023;0.18;1134.128
14.04.2023;0.18;1157.52
15.04.2023;0.18;1160.403
16.04.2023;0.18;1142.463
17.04.2023;0.18;1124.331
18.04.2023;0.18;1132.949
19.04.2023;0.18;1193.04
20.04.2023;0.18;1180.431
21.04.2023;0.18;1167.284
22.04.2023;0.18;1143.077
23.04.2023;0.18;1157.94
24.04.2023;0.18;1125.501
25.04.2023;0.18;1156.793
26.04.2023;0.17;1150.445
27.04.2023;0.17;1134.521
28.04.2023;0.17;1123.604
29.04.2023;0.17;1127.146
30.04.2023;0.17;1112.7
01.05.2023;0.18;1209.672
02.05.2023;0.18;1225.264
03.05.2023;0.18;1214.447
04.05.2023;0.18;1207.657
05.05.2023;0.18;1192.837
06.05.2023;0.18;1204.121
07.05.2023;0.18;1198.911
08.05.2023;0.18;1213.85
09.05.2023;0.18;1205.038
10.05.2023;0.18;1224.504
11.05.2023;0.18;1219.192
12.05.2023;0.18;1240.671
13.05.2023;0.18;1205.38
14.05.2023;0.18;1212.06
15.05.2023;0.18;1225.285
16.05.2023;0.18;1206.657
17.05.2023;0.18;1203.652
18.05.2023;0.18;1221.248
19.05.2023;0.18;1206.096
20.05.2023;0.18;1184.563
21.05.2023;0.18;1163.055
22.05.2023;0.18;1169.924
23.05.2023;0.18;1184.428
24.05.2023;0.18;1169.708
25.05.2023;0.17;1156.638
26.05.2023;0.18;1164.295
27.05.2023;0.18;1152.536
28.05.2023;0.18;1159.392
29.05.2023;0.18;1156.717
30.05.2023;0.18;1154.535
31.05.2023;0.18;1163.102
01.06.2023;0.18;1142.14
02.06.2023;0.17;1127.208
03.06.2023;0.18;1123.1
04.06.2023;0.17;1143.069
05.06.2023;0.17;1121.477
06.06.2023;0.17;1120.241
07.06.2023;0.17;1109.607
08.06.2023;0.17;1108.457
09.06.2023;0.17;1117.657
10.06.2023;0.18;1127.163
11.06.2023;0.18;1103.49
12.06.2023;0.17;1095.854
13.06.2023;0.17;1094.833
14.06.2023;0.17;1084.969
15.06.2023;0.18;1078.521
16.06.2023;0.18;1115.542
17.06.2023;0.17;1100.813
18.06.2023;0.17;1094.51
19.06.2023;0.17;1067.448
20.06.2023;0.17;1073.114
21.06.2023;0.17;1075.083
22.06.2023;0.17;1089.599
23.06.2023;0.17;1108.213
24.06.2023;0.17;1121.564
25.06.2023;0.17;1086.229
26.06.2023;0.17;1070.427
27.06.2023;0.17;1063.656
28.06.2023;0.17;1076.896
29.06.2023;0.17;1058.087
30.06.2023;0.17;1105.77
01.07.2023;0.17;1069.163
02.07.2023;0.18;1057.732
03.07.2023;0.18;1026.986
04.07.2023;0.18;1034.407
05.07.2023;0.17;1076.468
06.07.2023;0.17;1041.444
07.07.2023;0.17;1024.578
08.07.2023;0.17;1042.167
09.07.2023;0.17;1025.74
10.07.2023;0.17;1060.25
11.07.2023;0.17;1032.256
12.07.2023;0.17;1034.104
13.07.2023;0.17;1028.936
14.07.2023;0.17;1020.881
15.07.2023;0.17;1005.417
16.07.2023;0.17;1016.323
17.07.2023;0.17;1019.302
18.07.2023;0.17;1001.552
19.07.2023;0.17;1007.51
20.07.2023;0.17;1001.813
21.07.2023;0.17;982.833
22.07.2023;0.17;1024.573
23.07.2023;0.17;1006.167
24.07.2023;0.17;1007.341
25.07.2023;0.17;1034.498
26.07.2023;0.18;1065.495
27.07.2023;0.17;1063.888
28.07.2023;0.17;1029.653
29.07.2023;0.18;1016.328
30.07.2023;0.17;993.605
31.07.2023;0.17;1062.249
01.08.2023;0.17;1001.891
02.08.2023;0.17;1007.602
03.08.2023;0.17;1001.872
04.08.2023;0.17;1014.857
05.08.2023;0.17;1046.589
06.08.2023;0.17;1033.603
07.08.2023;0.17;982.076
08.08.2023;0.17;1032.257
09.08.2023;0.17;952
10.08.2023;0.17;964.958
11.08.2023;0.17;946.021
12.08.2023;0.17;962.156
13.08.2023;0.17;1008.104
14.08.2023;0.17;936.302
15.08.2023;0.17;935.646
16.08.2023;0.17;945.5
17.08.2023;0.17;947.5
18.08.2023;0.17;930.969
19.08.2023;0.17;911.615
20.08.2023;0.17;911.25
21.08.2023;0.17;902.917
22.08.2023;0.17;901.979
23.08.2023;0.17;900.521
24.08.2023;0.17;922.115
25.08.2023;0.17;968.188
26.08.2023;0.17;952.375
27.08.2023;0.17;997.646
28.08.2023;0.17;1002.573
29.08.2023;0.17;1023.508
30.08.2023;0.17;997.451
31.08.2023;0.17;979.625
01.09.2023;0.17;973.542
02.09.2023;0.17;958.438
03.09.2023;0.17;948.729
04.09.2023;0.17;927.396
05.09.2023;0.17;940.073
06.09.2023;0.17;916.708
07.09.2023;0.17;904.115
08.09.2023;0.17;898.969
09.09.2023;0.17;907.51
10.09.2023;0.17;917.958
11.09.2023;0.17;905.104
12.09.2023;0.17;896.677
13.09.2023;0.17;885.438
14.09.2023;0.17;889.531
15.09.2023;0.17;874.573
16.09.2023;0.17;899.719
17.09.2023;0.17;898.719
18.09.2023;0.17;880.375
19.09.2023;0.17;875.542
20.09.2023;0.17;882.063
21.09.2023;0.17;884.323
22.09.2023;0.17;883.771
23.09.2023;0.17;862.406
24.09.2023;0.17;862.688
25.09.2023;0.17;857.594
26.09.2023;0.17;854.74
27.09.2023;0.17;876.583
28.09.2023;0.17;842.042
29.09.2023;0.17;851.052
30.09.2023;0.17;843.25
01.10.2023;0.17;858.406
02.10.2023;0.17;853.052
03.10.2023;0.17;896.469
04.10.2023;0.17;875.844
05.10.2023;0.17;821.396
06.10.2023;0.17;816.573
07.10.2023;0.17;816.552
08.10.2023;0.16;809.021
09.10.2023;0.17;823.5
10.10.2023;0.16;848.188
11.10.2023;0.17;796.313
12.10.2023;0.16;839.74
13.10.2023;0.17;794.698
14.10.2023;0.17;837.913
15.10.2023;0.17;831.17
16.10.2023;0.17;824.646
17.10.2023;0.17;840.635
18.10.2023;0.17;854.719
19.10.2023;0.17;797.862
20.10.2023;0.17;809.899
21.10.2023;0.16;811.885
22.10.2023;0.17;842.647
23.10.2023;0.17;866.166
24.10.2023;0.17;819.565
25.10.2023;0.17;855.404
26.10.2023;0.17;874.958
27.10.2023;0.17;912.469
28.10.2023;0.17;852.563
29.10.2023;0.17;851.844
30.10.2023;0.17;859.719
31.10.2023;0.17;868.363
01.11.2023;0.17;941.847